address,city,state,zipCode,lat,lon,rooms,squareFeet,price,shortest distance to public trans,shortest distance to whole foods,shortest distance to parks
590 Eldorado Avenue Condominiums,Oakland,CA,94611,37.821632,-122.252488,1,803,479000,0.94678638,0.76944872,0.340949637
626 Mariners Island Blvd APT 209,San Mateo,CA,94404,37.564759,-122.284868,0,519,499000,1.244474654,6.412751303,0.213639307
1419 Derby St,Berkeley,CA,94702,37.858752,-122.281625,3,1400,1198000,0.749348036,3.374239213,0.234952376
97 Amber Dr,San Francisco,CA,94131,37.745618,-122.445018,3,1420,1295000,1.062712338,0.888976153,0.298125189
2282 Park Blvd,Oakland,CA,94606,37.801404,-122.245254,1,1300,2495000,1.077217572,1.165398339,0.104313257
3626 Lyon Ave,Oakland,CA,94601,37.785553,-122.209896,2,832,598888,1.078099507,1.621862952,0.197884733
1779 10th Ave,San Francisco,CA,94122,37.755075,-122.467088,2,1293,1288000,1.097942616,1.273831692,0.270579213
304 Malcolm Ave,Belmont,CA,94002,37.526735,-122.288387,3,1600,1598000,0.760460915,1.715413859,0.18736951
1634 Leimert Blvd,Oakland,CA,94602,37.811784,-122.210025,3,1916,1299000,1.003068213,1.852051834,0.310486413
2032 Encinal Ave,Alameda,CA,94501,37.76591,-122.25274,4,1720,880000,1.130416237,1.991348016,0.335328838
1623 Tyler St,Berkeley,CA,94703,37.853106,-122.275355,4,1390,799000,0.295418857,2.365254877,0.105385875
65 67 Rivoli St,San Francisco,CA,94117,37.76244,-122.449073,0,2170,1895000,1.241041902,0.538536663,0.202192538
944 Shoreline Dr,San Mateo,CA,94404,37.558334,-122.288916,3,1625,1365000,1.195863579,1.230235275,0.244868288
3015 23rd Ave,San Francisco,CA,94132,37.732262,-122.47948,4,2494,1688000,1.371448785,1.26777857,0.280570447
2750 40th Ave,San Francisco,CA,94116,37.735512,-122.497403,3,1283,995000,1.430365604,1.616111874,0.281617525
2920 Buchanan St APT 7,San Francisco,CA,94123,37.797112,-122.431787,1,950,1049000,1.433109271,0.665218888,0.314909433
672 34th St,Oakland,CA,94609,37.823774,-122.270591,0,3113,950000,0.414206982,0.92421402,0.137522855
6020 Skyline Blvd,Oakland,CA,94611,37.852614,-122.211873,5,3160,1200000,1.038626034,2.005418851,0.358777741
2541 California St APT 4,San Francisco,CA,94115,37.788297,-122.436186,3,1350,1380000,1.36855291,0.709115155,0.211881601
3590 20th St APT 505,San Francisco,CA,94110,37.75866,-122.42018,3,1839,2395000,0.453103944,0.7463122,0.362306676
17335 Via Chiquita,San Lorenzo,CA,94580,37.667273,-122.133127,3,1031,585000,0.464433071,0.770577841,0.368673538
58 N El Camino Real APT 208,San Mateo,CA,94401,37.566655,-122.328692,2,1150,978000,0.283961337,1.008064914,0.370065836
352 Sweet Rd,Alameda,CA,94502,37.741017,-122.257988,4,2202,1395000,1.28372341,1.46567298,0.189105325
1611 15th St,Oakland,CA,94607,37.812067,-122.294073,3,1467,610000,0.513604488,1.579030898,0.154342377
1651 47th Ave,Oakland,CA,94601,37.772306,-122.209739,0,2639,560000,0.887624278,1.807989022,0.293350865
1006 Everett St,El Cerrito,CA,94530,37.913989,-122.303232,3,1008,675000,0.819917625,1.920362673,0.158242686
1373 75 Page St,San Francisco,CA,94117,37.771205,-122.443335,0,4275,2095000,1.071133962,0.530213539,0.182458515
518 Silver Ave,San Francisco,CA,94112,37.728428,-122.426069,3,1500,1095000,0.531478975,0.907881024,0.220327276
58 Vernon St # 402,Oakland,CA,94610,37.812345,-122.259815,3,1844,1385000,0.533359004,0.070981234,0.153926642
518 E 16th Ave,San Mateo,CA,94402,37.557386,-122.308891,4,1980,1398000,0.299075994,1.490657006,0.354438656
3970 Coronado Way,San Bruno,CA,94066,37.635548,-122.466067,3,1160,1118000,1.087504693,1.494463639,0.181869645
380 14th St APT 403,San Francisco,CA,94103,37.76834,-122.421742,1,591,699000,0.237930245,0.294417318,0.372200716
375 Mandarin Dr APT 111,Daly City,CA,94015,37.664553,-122.462079,1,717,475000,0.892423934,1.044309251,0.258870749
112 Clipper St,San Francisco,CA,94114,37.749513,-122.427682,5,2962,1995000,0.538296537,0.244128721,0.373587225
25 Lilac Ln,South San Francisco,CA,94080,37.660523,-122.420798,3,1460,1075000,0.915089296,1.237804256,0.381557664
315 Rheem Blvd,Moraga,CA,94556,37.862637,-122.131239,4,2091,1495000,0.992300931,1.303481362,0.386761606
2443 Grande Vista Ave,Oakland,CA,94601,37.790877,-122.227702,0,2898,1295900,1.069403461,1.496739383,0.234343748
8009 Greenridge Dr APT 4,Oakland,CA,94605,37.772976,-122.154234,2,854,475000,1.099147757,1.509723205,0.387191704
2116 Broadway,Burlingame,CA,94010,37.579594,-122.370662,3,2040,2185000,0.702179878,1.649506426,0.403788964
831 833 Filbert St,San Francisco,CA,94133,37.800653,-122.413164,4,2618,1995000,1.014095378,0.918911462,0.173369371
4070 23rd St,San Francisco,CA,94114,37.753178,-122.433543,4,3395,4500000,0.826901982,0.167574355,0.405912728
148 Cypress Pl,Sausalito,CA,94965,37.867817,-122.502877,1,766,659000,1.030519874,1.1067164,0.086644758
2821 Shasta Rd,Berkeley,CA,94708,37.887862,-122.255652,3,1945,1098000,1.127175626,1.527683238,0.166016824
55 Santa Paula Ave,San Francisco,CA,94127,37.738902,-122.463121,5,2682,2495000,1.137185081,1.251796228,0.177802451
3307 Pierson St,Oakland,CA,94619,37.781671,-122.191102,2,935,599000,1.154656293,1.551833831,0.371595022
2109 Cipriani Blvd,Belmont,CA,94002,37.52125,-122.301171,4,2250,2280000,1.182219821,1.688939873,0.221441969
3221 Macarthur Blvd,Oakland,CA,94602,37.795671,-122.203146,3,1554,998800,1.186187973,1.702013719,0.380424263
360 Guerrero St APT 410,San Francisco,CA,94103,37.765462,-122.424916,1,822,819000,0.29219316,0.233669811,0.407046643
608 Tern Ln,Alameda,CA,94501,37.77899,-122.278853,4,1590,839744,0.979468089,0.98870061,0.299630064
395 Lowell Ave,Mill Valley,CA,94941,37.884339,-122.532627,3,1870,1295000,1.152325799,1.185105222,0.320806746
202 Castilian Way,San Mateo,CA,94402,37.556526,-122.323932,4,3150,3195000,0.781410156,1.553225978,0.352706013
10900 Glen Artney St,Oakland,CA,94605,37.753338,-122.123734,3,1347,799000,0.815052595,1.702344028,0.38450456
5227 West St,Oakland,CA,94608,37.837588,-122.26946,8,3210,1700000,0.604155119,1.707949001,0.026843347
5217 West St,Oakland,CA,94608,37.837454,-122.269531,7,2825,1425000,0.595988392,1.755718886,0.026759683
8 Moraga Ct,Orinda,CA,94563,37.863681,-122.169466,5,3450,1995000,1.070839801,1.76991779,0.408457051
834 Santa Fe Ave,Albany,CA,94706,37.891577,-122.28866,1,580,495000,0.948403806,1.777847852,0.170536386
2311 Bourbon Ct,South San Francisco,CA,94080,37.641689,-122.45567,4,1860,1398000,1.080017061,1.830303737,0.246963605
"280 Spear Street #4H Plan, MIRA",San Francisco,CA,94105,37.791282,-122.39306,2,975,1105000,0.245731873,0.784433544,0.316014336
1450 Crystal Dr,Hillsborough,CA,94010,37.5358,-122.357986,4,3070,3588000,0.471275034,1.661466647,0.371414168
135 Stillings Ave,San Francisco,CA,94131,37.734342,-122.442888,2,1100,1095000,0.504013839,0.946845381,0.374208883
1333 Shelter Creek Ln,San Bruno,CA,94066,37.61845,-122.425545,0,490,435000,0.906340271,1.384719091,0.327888448
2203 Portsmouth Way,San Mateo,CA,94403,37.550079,-122.293744,4,1510,1435000,0.803910912,1.936235436,0.329761352
1021 83rd Ave,Oakland,CA,94621,37.752133,-122.184586,4,1503,629888,0.688814552,1.939943212,0.146660489
590 6th St APT 311,San Francisco,CA,94103,37.774732,-122.4015,2,1373,1250000,0.387866501,0.46133986,0.393309576
3601 Branson Dr,San Mateo,CA,94403,37.540926,-122.285282,4,1740,1498000,0.718539594,0.715817482,0.241502794
88 Guy Pl APT 401,San Francisco,CA,94105,37.786221,-122.394843,2,1449,1300000,0.415854811,0.436514741,0.319834144
121 Palm Ave,Corte Madera,CA,94925,37.927495,-122.529867,2,1283,1459000,0.477939594,1.468939727,0.336582965
601 Van Ness Ave APT 710,San Francisco,CA,94102,37.781386,-122.421406,1,672,539000,0.438737387,0.614526351,0.336582965
198 States St,San Francisco,CA,94114,37.763968,-122.439555,7,4044,2488000,0.660541737,0.744172728,0.107050199
41 43 Cuvier St,San Francisco,CA,94112,37.73429,-122.428472,4,1500,1798000,0.304431037,0.82491181,0.218473075
120 King Ave,Piedmont,CA,94610,37.817188,-122.223613,5,4964,4695000,0.727924808,0.954160047,0.121098324
817 N Humboldt St APT 206,San Mateo,CA,94401,37.580699,-122.331203,2,983,735000,0.747065643,0.955715172,0.323273201
228 Athens St,San Francisco,CA,94112,37.724359,-122.426714,1,1125,888000,0.716601081,1.182118116,0.331565301
117 Lake Dr,San Bruno,CA,94066,37.619006,-122.451252,4,2080,1437000,0.760678652,1.22997259,0.381763926
1496 La Playa St,San Francisco,CA,94122,37.758579,-122.50883,2,2030,1399000,0.760937389,1.409284573,0.409401589
841 Arlington Ave,Oakland,CA,94608,37.842374,-122.271727,4,2000,998000,0.745846064,1.527825922,0.375612053
4200 Roderick Rd,Oakland,CA,94605,37.749882,-122.131238,4,2620,899000,0.764644706,1.532933163,0.099754155
1356 Holman Rd,Oakland,CA,94610,37.807175,-122.227311,2,1135,899000,0.900062447,1.572965267,0.409934427
1943 Bandoni Ave,San Lorenzo,CA,94580,37.667215,-122.14405,3,1516,798000,0.941557893,1.585325641,0.154209531
1755 20th Ave,San Francisco,CA,94122,37.755013,-122.477932,2,1045,799000,0.955491477,1.603079383,0.352121588
7112 Sayre Dr,Oakland,CA,94611,37.833189,-122.194767,3,2266,1099000,0.980438092,1.705179275,0.413118515
575 58th St,Oakland,CA,94609,37.843355,-122.264038,3,1459,929000,0.698121152,1.881070605,0.148214035
6427 Shattuck Ave,Oakland,CA,94609,37.850036,-122.266121,0,5555,2350000,0.295865529,1.900352537,0.186491664
1059 Vallejo St,San Francisco,CA,94133,37.797649,-122.414674,2,2777,6500000,0.745116259,0.706607917,0.337290614
1476 79th Ave,Oakland,CA,94621,37.757615,-122.180779,3,3064,1075000,0.886075537,1.3954275,0.346929167
1122 Page St APT 4,San Francisco,CA,94117,37.772165,-122.439365,2,1000,1295000,0.9258551,0.719197908,0.283208591
5402 Roberts Ave,Oakland,CA,94619,37.777582,-122.191324,2,1032,629000,0.927654154,0.756539307,0.362278612
833 Monterey Ct,San Leandro,CA,94578,37.697354,-122.144276,4,2324,798000,0.972551118,1.471772504,0.086637896
2355 Francisco St,San Francisco,CA,94123,37.80051,-122.44391,0,5325,3400000,0.982306886,1.330349854,0.276715619
4633 Fairfax Ave,Oakland,CA,94601,37.779551,-122.204849,0,4620,1600000,1.001913535,1.517610807,0.204154652
1045 1049 14th St,San Francisco,CA,94114,37.767001,-122.436986,3,3512,1600000,0.958826424,0.547128982,0.145892948
501 Brighton Rd,Pacifica,CA,94044,37.631036,-122.484116,2,819,699000,1.011808698,0.885168146,0.012499228
3814 Lincoln Ave,Oakland,CA,94602,37.802946,-122.210481,2,1652,898800,1.015287715,1.091857164,0.012499228
3711 Maybelle Ave # B,Oakland,CA,94619,37.790294,-122.194176,2,1073,565000,1.017147328,1.763083377,0.260873995
1740 Lake St,San Francisco,CA,94121,37.786233,-122.478507,3,2298,2850000,1.096773069,1.813381768,0.271373407
2854 25th St,San Francisco,CA,94110,37.751518,-122.407394,2,677,649000,0.60774746,0.924291541,0.280974841
795 Lakeshore Dr,Redwood City,CA,94065,37.537697,-122.243475,2,1892,1398000,0.890591201,1.285185776,0.091763283
292 Belleview Dr,San Leandro,CA,94577,37.732464,-122.165644,2,1128,625000,0.773378554,1.587530748,0.225411319
154 Westdale Ave,Daly City,CA,94015,37.706712,-122.48161,3,1700,1280000,0.690504446,1.851345066,0.158113867
3846 25th St,San Francisco,CA,94114,37.750407,-122.426197,3,1854,2760000,0.441494309,0.278341134,0.207512908
218 Headlands Ct,Sausalito,CA,94965,37.877469,-122.518676,2,1225,869000,1.09567944,1.242332612,0.307817929
223 Byxbee St,San Francisco,CA,94132,37.718331,-122.470117,2,812,849888,0.855849616,1.019323633,0.323238463
2609 Inyo Ave,Oakland,CA,94601,37.792274,-122.227086,3,739,459500,1.103231003,1.586868607,0.144661137
5400 College Ave,Oakland,CA,94618,37.840392,-122.251103,0,4431,2900000,0.298470676,1.923353419,0.362278612
1343 Shelter Creek Ln,San Bruno,CA,94066,37.619843,-122.428366,1,680,489000,1.103809539,1.951452649,0.373675912
238 Cuardo Ave,Millbrae,CA,94030,37.603825,-122.387224,3,1896,1195000,0.248779001,1.956628182,0.063408234
28 Warford Ter,Orinda,CA,94563,37.881447,-122.175835,3,2421,1475000,0.252639764,1.972296782,0.373675912
3316-3320 Scott St,San Francisco,CA,94123,37.800557,-122.440956,6,3939,5500000,0.480054922,1.199570936,0.378827258
1997 Ascot Dr APT C,Moraga,CA,94556,37.858963,-122.128439,2,1124,499950,0.891514488,1.981175143,0.381824082
488 Spruce St,Berkeley,CA,94708,37.901841,-122.271019,5,3172,1695000,1.111432977,1.98393111,0.055650335
2031 45th Ave,San Francisco,CA,94116,37.748641,-122.504357,3,1300,1095000,1.113165894,1.985639506,0.395150932
1049 Shell Blvd APT 6,Foster City,CA,94404,37.549809,-122.263172,2,1042,798000,1.123458952,2.0128702,0.24784466
3721 Carter Dr APT 2208,South San Francisco,CA,94080,37.644985,-122.468181,2,1040,799000,1.129432068,2.043484775,0.309115872
317 Hunter Ave,Oakland,CA,94603,37.73222,-122.183626,2,774,345000,1.149373817,2.048592046,0.273911552
"280 Spear Street #7B Plan, MIRA",San Francisco,CA,94105,37.791282,-122.39306,2,1293,1595000,0.245731873,0.784433544,0.326959345
3206 Champion St,Oakland,CA,94602,37.796986,-122.215759,2,728,569000,0.471275034,1.661466647,0.286169729
280 Caldecott Ln UNIT 320,Oakland,CA,94618,37.858345,-122.221749,1,773,499000,0.941557893,1.936235436,0.294577747
1240 Hawes St,San Francisco,CA,94124,37.728279,-122.382214,5,1923,988000,1.015287715,2.064515612,0.355653265
34 Weepingridge Ct,San Mateo,CA,94402,37.529606,-122.332488,2,1520,1200000,1.157553312,2.065535057,0.371414168
2030 Mezes Ave,Belmont,CA,94002,37.521503,-122.296923,3,1840,1998000,1.129092985,2.099008522,0.302015762
2314 Legion Ave,Oakland,CA,94605,37.763747,-122.177851,2,1108,520000,1.16068305,2.099652088,0.181487024
1645 Pacific Ave APT 4D,San Francisco,CA,94109,37.794657,-122.422325,2,1402,2349000,1.054378703,0.319027121,0.357535562
615 Silver Ave,San Francisco,CA,94134,37.728986,-122.423517,2,862,899900,0.630108937,1.541659267,0.396151011
1632 81st Ave,Oakland,CA,94621,37.757525,-122.177091,3,1376,477777,1.119172859,1.635494703,0.256249295
"10 Innes Ct #303 Plan, The San Francisco Shipyard   Landing",San Francisco,CA,94124,37.7273,-122.371,3,1223,975000,1.144481563,1.640038372,0.256249295
5750 Kingsley Cir,Oakland,CA,94605,37.772986,-122.190841,2,619,399000,1.162382413,1.83820374,0.300814372
649 Spokane Ave,Albany,CA,94706,37.895883,-122.293486,2,1171,699000,0.553589064,2.122083429,0.160069005
320 Vallejo Dr APT 9,Millbrae,CA,94030,37.584339,-122.40456,2,995,750000,1.166154947,2.129960622,0.397301047
1519 Encinal Ave,Alameda,CA,94501,37.769983,-122.260526,0,3862,1500000,1.171214428,2.13760326,0.100352152
1006 Ocean View Ave,Daly City,CA,94014,37.702354,-122.45949,3,2213,1249000,0.579159408,1.473643721,0.14643871
5701 Ayala Ave,Oakland,CA,94609,37.842781,-122.259427,0,2426,1120000,0.459646844,2.077646456,0.111293417
950 Tennessee St # 110,San Francisco,CA,94107,37.759747,-122.389882,2,1160,1430000,0.232105237,0.802288023,0.111293417
2056 Asilomar Dr,Oakland,CA,94611,37.829582,-122.20334,3,1888,779000,0.914361665,1.583548617,0.290452955
3979 3981 24th St,San Francisco,CA,94114,37.751216,-122.431311,2,6000,3950000,0.705990935,0.057053681,0.342253976
1621 Ocean View Ave,Kensington,CA,94707,37.899536,-122.285399,3,1124,899000,0.769764536,1.207217391,0.349002166
5306 San Pablo Ave,Oakland,CA,94608,37.837269,-122.281938,4,3209,1799000,0.992147838,1.734343228,0.260476383
734 14th Street Condominiums,San Francisco,CA,94114,37.767911,-122.429697,2,707,875000,0.581008259,0.14382492,0.223260112
1525 Glenn St,Hayward,CA,94545,37.649561,-122.116153,3,1546,750000,1.035847531,1.104537057,0.12525545
325 Dutton Ave,San Leandro,CA,94577,37.732311,-122.155557,4,2743,1199000,0.77300204,1.270329704,0.16389033
291 Palisades Dr,Daly City,CA,94015,37.688489,-122.491865,2,1090,974950,1.169911019,1.463925043,0.197759889
33 Harbor View Dr,Richmond,CA,94804,37.907921,-122.348168,3,1695,1100000,1.180109211,1.5744371,0.186699907
2124 7th St,Berkeley,CA,94710,37.865958,-122.29622,2,1213,1054000,0.91595029,1.786487785,0.197632354
4395 24th St,San Francisco,CA,94114,37.750778,-122.44038,3,1505,1650000,1.181926071,0.525659251,0.21513203
1340 Ashby Ave,Berkeley,CA,94702,37.852759,-122.282385,2,1254,499500,0.679670819,1.415270204,0.123749389
785 Taft Ave APT 8,Albany,CA,94706,37.893397,-122.303594,2,830,605000,0.686932919,1.471404743,0.114467526
919 46th St,Oakland,CA,94608,37.835096,-122.273874,2,1052,649000,0.559814949,1.697000148,0.183938418
785 Taft Ave APT 3,Albany,CA,94706,37.893397,-122.303594,1,620,449000,0.686932919,1.87818938,0.114467526
66 Hillcrest Rd,Berkeley,CA,94705,37.851662,-122.247868,6,5784,3800000,0.518030775,2.036771763,0.227481229
1049 Ordway St,Albany,CA,94706,37.884637,-122.284997,4,2041,1325000,0.722484554,2.044644471,0.13288027
4918 Webster St,Oakland,CA,94609,37.835838,-122.259456,3,1760,1295000,0.625391302,1.59786625,0.13288027
77 Fairmount Ave APT 302,Oakland,CA,94611,37.815889,-122.260382,2,1159,699000,0.659275347,0.218432887,0.227481229
950 Tennessee St # 108,San Francisco,CA,94107,37.759747,-122.389882,1,776,923000,0.232105237,0.802288023,0.235181611
950 Tennessee St # 323,San Francisco,CA,94107,37.759747,-122.389882,0,422,700000,0.232105237,0.802288023,0.235215669
1230 Shafter Ave,San Francisco,CA,94124,37.727348,-122.383682,2,1012,799000,0.755597029,1.583548617,0.245789618
568 9th St,Oakland,CA,94607,37.802394,-122.276128,3,1418,995000,0.610251387,1.094783101,0.08430909
1641 Grand Ave,Piedmont,CA,94611,37.82589,-122.243592,4,2186,1195000,0.703889656,1.314596848,0.174308722
950 Tennessee St # 317,San Francisco,CA,94107,37.759747,-122.389882,0,431,664000,0.232105237,0.802288023,0.250189166
140 S Van Ness Ave UNIT 711,San Francisco,CA,94103,37.771563,-122.418801,1,795,799000,0.431293088,0.506463643,0.250189166
3620 Allendale Ave,Oakland,CA,94619,37.788038,-122.207317,2,748,380000,0.619985697,0.98004218,0.184549902
709 San Bruno Ave,San Francisco,CA,94107,37.760466,-122.404753,3,1700,1595000,0.682374786,0.289039075,0.253035646
26 Bernice St,San Francisco,CA,94103,37.769958,-122.414186,2,891,704442,0.43363158,0.706651309,0.260476383
1274A Delaware St,Berkeley,CA,94702,37.871917,-122.287463,1,600,685000,0.285640229,0.716196819,0.11213258
612 Bridgeport Ln,Foster City,CA,94404,37.545298,-122.269178,2,1710,1799000,0.665640269,1.109699964,0.134731153
708 Long Bridge St APT 1010,San Francisco,CA,94158,37.77171,-122.393708,2,1452,2000000,0.348712862,0.723842094,0.247652848
1525 Latitudes Way,Richmond,CA,94804,37.9136,-122.3463,2,1713,748990,0.878196237,0.739474048,0.097653683
1120 Addison St,Berkeley,CA,94702,37.868076,-122.29063,3,1252,599000,0.591729278,1.237397376,0.133241472
2511 Outrigger Dr # 108,San Leandro,CA,94577,37.691708,-122.179284,2,1033,495000,0.94097324,1.308609645,0.227979813
2361 E 22nd St,Oakland,CA,94601,37.788412,-122.229788,0,2156,749000,0.922727566,1.33950158,0.230703868
4333 Cabrillo St,San Francisco,CA,94121,37.773232,-122.505291,5,1866,1398000,0.98126746,1.463872461,0.257422602
255 Trinidad Dr,Tiburon,CA,94920,37.914853,-122.479209,3,2296,1695000,0.991749944,1.483565864,0.128586392
"01 Plan, 1433 Bush St.",San Francisco,CA,94109,37.788434,-122.420854,3,1087,1325000,0.726517533,0.182757796,0.261451556
1025 Cabrillo Ave,Burlingame,CA,94010,37.580443,-122.365563,5,4680,5850000,0.51601228,1.254127615,0.276226754
1641 89th Ave,Oakland,CA,94621,37.751984,-122.171948,3,1020,399000,0.755536894,1.430643411,0.238603921
2526 Ritchie St,Oakland,CA,94605,37.762062,-122.171355,2,881,425000,1.050842576,1.507773522,0.238603921
1201 Brickyard Way APT 201,Richmond,CA,94801,37.913431,-122.379505,3,1659,875000,1.059717776,1.543393375,0.23965013
"10 Innes Ct #204 Plan, The San Francisco Shipyard   Landing",San Francisco,CA,94124,37.7273,-122.371,2,1020,865000,1.062206533,1.545260061,0.30271503
4209 Howe St,Oakland,CA,94611,37.828694,-122.25146,0,2445,1950000,0.851546927,1.218570357,0.193694272
4057 Masterson St,Oakland,CA,94619,37.790041,-122.196609,2,842,579000,1.069031548,1.583548617,0.30680945
2345 Ticonderoga Dr,San Mateo,CA,94402,37.515656,-122.334904,2,1470,1060000,1.071197775,1.583548617,0.330398469
189 Sage St,Daly City,CA,94014,37.708286,-122.45187,4,3028,1695995,0.952109487,1.011911853,0.087695724
2555 Longview Dr,San Leandro,CA,94577,37.721798,-122.126886,3,1932,939000,0.961841374,1.841864549,0.334463138
1326 99th Ave,Oakland,CA,94603,37.742949,-122.170906,3,1114,499999,1.107242386,1.865163995,0.160622224
1325 California St LOT 1327,San Francisco,CA,94109,37.790921,-122.416189,1,2300,2495000,0.63299023,0.399116737,0.228691092
616 Hobart Ave,San Mateo,CA,94402,37.549526,-122.327008,3,1910,1950000,0.796384418,1.118312392,0.280042065
724 Martin Blvd,San Leandro,CA,94577,37.723991,-122.178357,4,2300,650000,0.819251674,1.671561813,0.144063419
333 Bush St APT 4206,San Francisco,CA,94104,37.790591,-122.403056,2,1798,2399000,0.127024682,0.669594534,0.183381583
7601 Hillside St,Oakland,CA,94605,37.766407,-122.171786,3,888,398000,0.364788024,1.113632461,0.256299834
277 W Broadmoor Blvd,San Leandro,CA,94577,37.73337,-122.165995,2,1092,659950,0.501453414,1.80615364,0.285870441
1000 3rd St,San Francisco,CA,94158,37.775991,-122.390481,2,1291,2050000,0.24307329,0.62570648,0.30237791
2220 California St,San Francisco,CA,94115,37.789565,-122.431032,4,3350,3595000,0.838846816,0.41781476,0.234555582
570 580 Bush St,San Francisco,CA,94108,37.790618,-122.406727,0,5685,6500000,0.307481679,0.75023608,0.180169708
56 Bismark St,Daly City,CA,94014,37.695556,-122.462671,4,1360,1200000,0.430601351,0.913144452,0.186679639
1215 1217 Broadway,San Francisco,CA,94109,37.796237,-122.417258,3,1940,2300000,0.551617787,0.540465559,0.19564563
108 Spencer Ave,Sausalito,CA,94965,37.854062,-122.484971,5,4420,3995000,0.779930661,1.059988227,0.138926956
1215 Broadway LOT 1217,San Francisco,CA,94109,37.796237,-122.417258,5,1940,2300000,0.800945487,0.540465559,0.230378753
2735 Churchill Dr,Hillsborough,CA,94010,37.570661,-122.383166,6,5170,4990000,0.854039212,1.408996697,0.259681495
578 4th St,San Francisco,CA,94107,37.778056,-122.39713,1,676,725000,0.157501588,0.264970882,0.285815065
"280 Spear Street #2H Plan, MIRA",San Francisco,CA,94105,37.791282,-122.39306,2,947,1100000,0.245731873,0.784433544,0.302956365
"52 Innes Ct. #301 Plan, The San Francisco Shipyard   Monarch",San Francisco,CA,94124,37.7271,-122.368,2,1080,1005000,0.471275034,0.997441153,0.305487525
179 Tucker Ave,San Francisco,CA,94134,37.716177,-122.407655,2,1040,988000,0.612142155,1.408996697,0.31199697
448 Fulton Rd,San Mateo,CA,94402,37.563588,-122.35241,3,2690,2880000,0.740471316,1.482617337,0.337690197
86 Inverness Dr,San Francisco,CA,94132,37.73273,-122.482506,2,1537,1388000,0.814893873,1.661466647,0.343154901
5017 Palmetto Ave APT 61,Pacifica,CA,94044,37.659782,-122.490483,2,1200,725000,0.912725422,1.662113108,0.2150972
"03 Plan, 1433 Bush St.",San Francisco,CA,94109,37.788531,-122.420976,1,600,785000,0.735761699,0.173341329,0.343274939
99 Silverwood Dr,Lafayette,CA,94549,37.884942,-122.164399,3,2036,1595000,0.764194707,1.26291074,0.353568358
1175 Cervantes Way,Pacifica,CA,94044,37.595513,-122.500625,3,1040,899000,0.941557893,1.435581074,0.188821711
306 Avalon Dr,South San Francisco,CA,94080,37.643811,-122.435365,3,1500,1395000,0.959077145,1.772007045,0.165734993
330 Mission Bay Blvd N UNIT 604,San Francisco,CA,94158,37.771662,-122.387453,2,1569,3350000,0.532241405,0.946196402,0.165734993
1000 Dewing Ave UNIT 413,Lafayette,CA,94549,37.892251,-122.123611,2,1554,1395000,0.086708951,0.997749383,0.220428645
112 Russ St,San Francisco,CA,94103,37.778444,-122.408113,2,811,775000,0.316060079,0.495376971,0.31594894
661 Clara St,Oakland,CA,94603,37.739186,-122.186239,8,1980,850000,0.416941153,1.001458771,0.262464059
1650 32nd Ave,San Francisco,CA,94122,37.756407,-122.490267,2,1525,1250000,0.735750717,1.163286351,0.353568358
400 Davey Glen Rd APT 4824,Belmont,CA,94002,37.525708,-122.286668,1,725,650000,0.643540079,1.252102763,0.075767342
2109 Hillside Cir,San Leandro,CA,94577,37.722776,-122.134219,3,2040,998000,0.84111182,1.781142237,0.292688848
586 Verducci Dr,Daly City,CA,94015,37.650801,-122.462832,3,1280,998000,0.959077145,1.802163093,0.346261844
"02 Plan, 719 Larkin",San Francisco,CA,94109,37.784529,-122.418101,1,545,690000,0.418254414,0.484234835,0.32003089
"280 Spear Street #2M Plan, MIRA",San Francisco,CA,94105,37.791282,-122.39306,2,919,1050000,0.245731873,0.784433544,0.34937787
545 Pierce St APT 3301,Albany,CA,94706,37.89599,-122.30677,2,1234,750000,0.471275034,1.026566731,0.149831529
1817 California St APT 207,San Francisco,CA,94109,37.78956,-122.424535,1,537,699000,0.553601247,0.072403249,0.192118053
99 Rausch St UNIT 522,San Francisco,CA,94103,37.776043,-122.409005,2,1076,1450000,0.354902719,0.620100809,0.220242929
1195 Acacia St,Montara,CA,94037,37.541278,-122.506243,4,1270,985000,0.58566121,0.858975088,0.351407776
215 Klamath St,Brisbane,CA,94005,37.681645,-122.400472,3,1200,995000,0.626897565,1.124517544,0.247119547
"10 Innes Ct #401 Plan, The San Francisco Shipyard   Landing",San Francisco,CA,94124,37.7273,-122.371,3,1256,1255000,0.775455425,1.222816459,0.288919756
1102 Shevlin Dr,El Cerrito,CA,94530,37.919299,-122.293663,3,1252,895000,0.909335251,1.252994584,0.290087503
1700 Waller St,San Francisco,CA,94117,37.768588,-122.451884,0,2012,1695000,0.938166629,0.089091942,0.363427837
1901 9th St,Berkeley,CA,94710,37.869818,-122.294539,0,1802,1105000,0.692983067,1.353734651,0.218868777
4317 21st St APT 2,San Francisco,CA,94114,37.755101,-122.439487,1,456,649900,0.941557893,0.517779761,0.241154677
438 29th St,San Francisco,CA,94131,37.743753,-122.429799,4,3776,4388888,0.771305356,0.57143492,0.371414168
201 Harrison St APT 505,San Francisco,CA,94105,37.787587,-122.390471,1,535,840000,0.514770576,0.67116574,0.371414168
"06 Plan, 1433 Bush St.",San Francisco,CA,94109,37.788434,-122.420854,3,1094,1299000,0.60619331,0.182757796,0.372016557
4657 4659 19th St,San Francisco,CA,94114,37.758808,-122.441687,4,1886,1895000,0.726517533,0.756656364,0.376294956
1075 Market St UNIT 413,San Francisco,CA,94103,37.780644,-122.411615,2,844,1175000,0.136561421,0.648260138,0.255404465
1989 Beach Blvd,Pacifica,CA,94044,37.634148,-122.493989,3,1580,1688888,0.331186217,0.92016735,0.376466828
1635 12th Ave,San Francisco,CA,94122,37.757602,-122.469412,2,975,998888,0.755536894,0.965513559,0.151714012
9244 Coral Rd,Oakland,CA,94603,37.735816,-122.193135,3,1129,499000,0.791950587,1.034287216,0.182519322
531 Kirkham St,San Francisco,CA,94122,37.760033,-122.466741,3,1100,899000,0.824265658,1.010009775,0.370902737
1250 Jones St UNIT 1102,San Francisco,CA,94109,37.793071,-122.414049,1,1115,1850000,0.68125093,0.55127693,0.377601949
600 El Camino Real # 215,Belmont,CA,94002,37.523432,-122.280098,1,769,888000,0.253693672,1.129282197,0.234580766
2112 Hyde St APT 2,San Francisco,CA,94109,37.800449,-122.419072,1,888,1225000,0.741002555,0.752501079,0.313878571
2112 Hyde St APT 1,San Francisco,CA,94109,37.800449,-122.419072,2,888,1250000,0.854093101,0.752501079,0.342643674
6106 Admiralty Ln,Foster City,CA,94404,37.561436,-122.267212,1,748,615000,0.928712757,1.138860045,0.339005467
62 Waterline Pl,Richmond,CA,94801,37.90902,-122.374659,2,2630,1544246,0.933703546,1.200792425,0.339005467
76 Waterline Pl,Richmond,CA,94801,37.90902,-122.374659,2,2630,1479580,0.957191683,1.207448559,0.37769022
6 Sunset Ln,Richmond,CA,94801,37.909034,-122.374003,2,2625,1397227,0.959221474,1.231007839,0.379599705
19 Waterline Pl,Richmond,CA,94801,37.90902,-122.374659,2,2391,945360,0.968509099,1.24223679,0.380769994
1207 51st Ave,Oakland,CA,94601,37.767501,-122.209905,2,1053,475000,0.971291448,1.254127615,0.381285828
"58C Plan, 181 Fremont",San Francisco,CA,94105,37.789808,-122.395356,2,1605,3715000,0.233581317,0.63869317,0.383315069
101 Lombard St APT 28,San Francisco,CA,94111,37.803468,-122.404078,1,864,964000,0.328103621,1.403292946,0.113692913
976 & 978 Hillside Blvd,Daly City,CA,94014,37.690574,-122.461519,0,2718,1098000,0.484923954,1.430643411,0.32070097
21 14th Ave # 23,San Mateo,CA,94402,37.55535,-122.316279,4,2771,1850000,0.3922994,1.469755101,0.371424416
16072 Via Walter,San Lorenzo,CA,94580,37.670425,-122.147087,4,1841,745000,0.782303116,1.473646156,0.384292963
"51 Innes Ct. #204 Plan, The San Francisco Shipyard   Monarch",San Francisco,CA,94124,37.7271,-122.368,2,1190,899000,0.825185743,1.534218572,0.384702756
7107 Snake Rd,Oakland,CA,94611,37.837651,-122.20128,4,2254,799000,0.90907767,1.553752088,0.386075945
1 La Vuelta,Orinda,CA,94563,37.894934,-122.182749,4,2829,2150000,0.954426533,1.606249297,0.388060522
2101 Shoreline Dr APT 253,Alameda,CA,94501,37.757091,-122.255388,2,1090,650000,0.975653583,1.624651797,0.390694181
2101 41st Ave,Oakland,CA,94601,37.778682,-122.211324,0,1469,589000,0.80307645,1.661466647,0.357187927
390 Pacific Ave,Pacifica,CA,94044,37.631738,-122.486108,3,1100,889000,0.980641108,1.694948803,0.114764315
2401 Read Ave,Belmont,CA,94002,37.51753,-122.298591,3,2000,1398000,0.980746408,1.694948803,0.106378946
"10 Innes Ct #202 Plan, The San Francisco Shipyard   Landing",San Francisco,CA,94124,37.7273,-122.371,2,939,785000,0.987304168,1.707795742,0.114764315
3760 Sundale Rd,Lafayette,CA,94549,37.886736,-122.134892,4,2375,1480000,0.713719392,1.744961642,0.357187927
600 El Camino Real # 202,Belmont,CA,94002,37.5244,-122.28082,1,940,998000,0.326430618,1.804690394,0.16802963
640 Larchmont Dr,Daly City,CA,94015,37.688651,-122.483284,3,990,899000,0.97371617,1.809649404,0.292402124
466 Vallejo St,San Francisco,CA,94133,37.799368,-122.40522,4,2766,4100000,0.631485138,1.18247651,0.246542111
600 El Camino Real # 211,Belmont,CA,94002,37.523432,-122.280098,2,1354,1270000,0.253693672,1.287110036,0.234580766
219 23 Clayton St,San Francisco,CA,94117,37.773158,-122.449567,6,5115,2299500,0.724129814,0.301764013,0.186205689
1769 Pleasant Valley Ave,Oakland,CA,94611,37.828619,-122.245772,4,2118,1195000,0.991991678,1.271127745,0.168147327
414 Webster St,San Francisco,CA,94117,37.774604,-122.429048,2,1450,1495000,0.823018797,0.444929648,0.280212043
567 Oakland Ave APT 313,Oakland,CA,94611,37.820536,-122.251891,1,705,459000,0.906028818,0.73229401,0.304846454
88 Townsend St APT 206,San Francisco,CA,94107,37.781167,-122.390696,1,644,849000,0.384840613,0.496774181,0.17820361
1 Una Ct,Mill Valley,CA,94941,37.901299,-122.542522,3,1785,1670500,0.811869915,1.116855937,0.313878571
4643 Tompkins Ave,Oakland,CA,94619,37.787549,-122.185891,2,975,699000,0.883273075,1.343706622,0.315753333
2739 Kilconway Ln # C,South San Francisco,CA,94080,37.644178,-122.466767,2,1040,629000,0.971767149,1.34473503,0.32745722
247 Edna St,San Francisco,CA,94112,37.728953,-122.446842,4,2900,2199000,0.499529828,0.517157911,0.332094873
19 Turquoise Way,San Francisco,CA,94131,37.745664,-122.446338,4,2429,1799000,0.767161654,0.95094087,0.332209618
2178 21st Ave,San Francisco,CA,94116,37.747112,-122.477886,2,1364,998000,0.991991678,1.376231979,0.342643674
260 Caldecott Ln UNIT 218,Oakland,CA,94618,37.858496,-122.220969,2,1119,605000,1.012104864,1.568782083,0.349474197
639 Silver Ave,San Francisco,CA,94134,37.728957,-122.423034,0,1595,1095000,0.654710722,1.573449691,0.357187927
1111 Rosita Rd,Pacifica,CA,94044,37.583541,-122.492762,3,1040,899000,1.015153645,1.608501984,0.358159984
1605 1617 Washington St,San Francisco,CA,94109,37.793298,-122.41984,0,9401,7395000,0.890760554,0.293994857,0.364565481
2507 Broadway St,San Francisco,CA,94115,37.793563,-122.438608,5,3915,6750000,1.006547935,0.86344709,0.175897771
428 Hollister Ave,Alameda,CA,94501,37.780242,-122.283387,4,2219,1295000,1.015287715,1.376623434,0.226052152
51 Bridgeview Dr,San Francisco,CA,94124,37.734538,-122.394557,3,1092,1099888,1.015287715,1.648667729,0.265664489
1356 Powell St,Emeryville,CA,94608,37.839757,-122.288744,2,1089,798000,1.016384052,1.660538952,0.073386006
3722 Keller Ave,Oakland,CA,94605,37.769909,-122.158303,2,1000,599000,1.027094781,1.664887887,0.236027818
815 Ram Ln,Foster City,CA,94404,37.54694,-122.27238,3,1618,1324000,1.031350813,1.695770591,0.17618107
6624 Saroni Dr,Oakland,CA,94611,37.831835,-122.202412,4,2178,1385000,1.04132431,1.770753578,0.246742843
412 Headlands Ct,Sausalito,CA,94965,37.877789,-122.51896,1,825,646000,1.047682821,1.786371668,0.249587556
2286 Greendale Dr,South San Francisco,CA,94080,37.646705,-122.457517,2,858,685000,1.054594877,1.815505388,0.174525697
640 Oak St,San Francisco,CA,94117,37.774369,-122.429942,3,1750,1450000,0.842533597,0.443654766,0.282184731
333 Beale St APT 8I,San Francisco,CA,94105,37.788682,-122.391851,1,988,1399000,0.40788101,0.671831069,0.300630424
178 Brighton Ave,San Francisco,CA,94112,37.721457,-122.454802,5,2274,1495000,0.402108203,0.16507032,0.342630555
2571 22nd Ave,San Francisco,CA,94116,37.739724,-122.479011,3,1200,1395000,0.520341654,1.146729382,0.173224987
644 44th Ave,San Francisco,CA,94121,37.776387,-122.504599,3,925,999000,0.846711482,1.293332365,0.349664319
1555 Geary Blvd APT 5,San Francisco,CA,94115,37.784242,-122.428618,2,850,675000,0.876344767,0.496352167,0.367795788
134 Arch St,San Francisco,CA,94132,37.713158,-122.466806,2,1214,995000,0.51060408,1.037066812,0.378228842
851 Mandana Blvd,Oakland,CA,94610,37.811674,-122.230669,2,1493,949000,0.92821174,1.102007029,0.378405918
181 Spinnaker St,Foster City,CA,94404,37.551198,-122.254986,5,2560,1985000,0.957423927,1.55016295,0.152740038
439 Hemlock Ave,South San Francisco,CA,94080,37.664229,-122.411848,4,1100,799000,0.688702428,1.589729775,0.092471286
166 Wembley Dr,Daly City,CA,94015,37.663464,-122.473585,4,1300,1099000,1.062334283,1.610397651,0.150653156
50 Mandalay Pl,South San Francisco,CA,94080,37.66663,-122.4013,3,2500,1299000,0.780422772,1.659029748,0.371149706
5236 Cypress Ave,El Cerrito,CA,94530,37.919373,-122.319821,4,1683,699000,0.429079755,1.664971257,0.35623355
1301 Quarry Ct APT 411,Richmond,CA,94801,37.913392,-122.381482,1,864,550000,1.069031548,1.716355197,0.35623355
279 Calle La Mesa,Moraga,CA,94556,37.870553,-122.126657,4,2341,1310000,1.075309067,1.728548758,0.358193409
1904 Mezes Ave,Belmont,CA,94002,37.523727,-122.294593,2,1030,1365888,1.015238715,1.786834203,0.367570488
208 Highland Ave,Piedmont,CA,94611,37.827288,-122.23312,3,1692,1395000,1.073969402,1.817787274,0.330088661
35 28th Ave APT 210,San Mateo,CA,94403,37.540753,-122.304144,2,1170,799000,0.350250654,1.821938716,0.33596737
823 14th St,San Francisco,CA,94114,37.767312,-122.431802,2,1281,995000,0.682141885,0.265581043,0.173042519
40 Francis St,San Francisco,CA,94112,37.727195,-122.434123,4,1475,795000,0.40628845,1.04334174,0.381084011
1111 Peninsula Ave,San Mateo,CA,94401,37.584119,-122.329679,3,2500,1499000,0.821264769,1.062365627,0.28560321
1381 Sanchez St,San Francisco,CA,94131,37.747076,-122.428941,4,2041,2895000,0.675389188,0.354823463,0.383436568
463 Lloyd Ave,San Leandro,CA,94578,37.695405,-122.135129,4,1482,629000,0.483060637,1.160815482,0.383944569
250 King St UNIT 412,San Francisco,CA,94107,37.778359,-122.39306,1,888,989000,0.152094149,0.418791174,0.232709327
109 Nevada St,San Francisco,CA,94110,37.741238,-122.410982,3,1406,1495000,0.864774731,1.110764989,0.219735567
10 Aquavista Way,San Francisco,CA,94131,37.751463,-122.44933,2,912,1149000,0.885111893,1.009226428,0.22176339
5340 Broadway Ter APT 203,Oakland,CA,94618,37.838129,-122.247584,2,953,675000,0.499483677,1.271584623,0.389786466
611 Mason St APT 508,San Francisco,CA,94108,37.789268,-122.410493,2,978,799000,0.359233321,0.709160065,0.185893069
470 Clementina St UNIT 304,San Francisco,CA,94103,37.77957,-122.405642,1,618,699000,0.362167665,0.341040462,0.35343191
280 Funston Ave,San Francisco,CA,94118,37.783046,-122.471618,2,895,968000,0.441319094,0.80585634,0.31078808
325 Congdon St,San Francisco,CA,94112,37.729,-122.42574,4,1237,899000,0.500804899,1.051791898,0.356719622
2840 2840 1/2 Harrison,San Francisco,CA,94110,37.749712,-122.415402,5,2560,1995000,0.242792363,0.861146783,0.175652952
222 Broadway APT 1407,Oakland,CA,94607,37.79617,-122.276178,2,1269,1095000,0.523680362,1.215620715,0.252963481
40 Westwood Ct,Oakland,CA,94611,37.839201,-122.206446,3,1352,895000,0.603881355,1.21770246,0.337147325
15 States St # 17,San Francisco,CA,94114,37.763221,-122.435766,0,2420,2488000,0.623487644,0.590894403,0.060957798
"63A Plan, 181 Fremont",San Francisco,CA,94105,37.789808,-122.395356,3,1882,5630000,0.233581317,0.63869317,0.211363028
21 23 Park Hill Ave,San Francisco,CA,94117,37.767803,-122.438965,5,2375,2295000,0.328103621,0.648395485,0.140245475
804 Arguello Blvd,San Francisco,CA,94118,37.77515,-122.458105,3,1575,1449000,0.693224736,0.47811846,0.173533169
802 Arguello Blvd,San Francisco,CA,94118,37.77515,-122.458105,3,1450,1299000,0.716957942,0.47811846,0.336885708
800 Arguello Blvd,San Francisco,CA,94118,37.77515,-122.458105,8,4230,3798000,0.776199202,0.47811846,0.347983721
185 Beacon St,San Francisco,CA,94131,37.739505,-122.431768,3,2010,2495000,0.459389493,0.768517055,0.390348954
285 Madison St,San Francisco,CA,94134,37.725637,-122.422159,4,1375,1195000,0.782303116,0.822686553,0.392887897
833 Shrader St,San Francisco,CA,94117,37.766885,-122.451621,4,2539,2699000,0.818915915,0.20152613,0.392983378
4556 Tulip Ave,Oakland,CA,94619,37.786452,-122.189144,2,1522,698000,0.890633323,0.863496005,0.395813715
55 Arco Way,San Francisco,CA,94112,37.726924,-122.444142,2,1065,998000,0.401462458,0.530666929,0.168431177
709 Park Way,South San Francisco,CA,94080,37.661219,-122.420173,3,2269,1198000,0.706674221,1.033104913,0.35078042
251 Marvilla Cir,Pacifica,CA,94044,37.59246,-122.497142,4,2014,1100000,0.897627159,1.18087544,0.07912737
86 Glashaus Loop,Emeryville,CA,94608,37.84639,-122.289847,2,1113,749500,0.90222436,1.317635359,0.226698927
601 Van Ness Ave APT 851,San Francisco,CA,94102,37.781386,-122.421406,1,533,549000,0.438737387,0.614526351,0.227366424
40 Bayside Ct,Richmond,CA,94804,37.912161,-122.340261,2,1007,525000,0.764644706,0.954160047,0.354738734
603 29th Ave,San Mateo,CA,94403,37.535378,-122.313483,2,1140,1398000,0.877127753,1.182118116,0.18999225
116 Paradise Dr,Pacifica,CA,94044,37.660102,-122.489375,3,1260,975000,0.907536124,1.34311739,0.152305712
1606 14th St,Oakland,CA,94607,37.811745,-122.29411,3,1360,675000,0.491247079,1.383960186,0.140457655
3044 Blossom St,Oakland,CA,94601,37.789777,-122.221307,3,2401,799000,0.90907767,1.407709663,0.279951867
545 Arlington Ave,Berkeley,CA,94707,37.900358,-122.277104,3,1730,1199000,0.918385325,1.416440975,0.254177293
590 Farallon Ave,Pacifica,CA,94044,37.651578,-122.483134,5,2180,1198000,0.971788808,1.43997377,0.260292552
90 Glengarry Way,Hillsborough,CA,94010,37.539353,-122.355879,4,3630,3100000,1.005200689,1.475029007,0.296689853
6400 Shelterwood Dr,Oakland,CA,94611,37.8305,-122.196397,3,2588,975000,1.012020973,1.518553431,0.302811535
4649 Fieldbrook Rd,Oakland,CA,94619,37.795278,-122.180769,3,1752,988000,1.029603253,1.532902319,0.220221513
10370 Greenview Dr,Oakland,CA,94605,37.759851,-122.135612,4,3580,1050000,1.034836601,1.532933163,0.343750797
15846 Via Marlin,San Lorenzo,CA,94580,37.684804,-122.123765,4,1823,728000,0.851704636,1.534218572,0.347395101
8522 G St,Oakland,CA,94621,37.749056,-122.185121,2,1064,440000,0.727868285,1.571914615,0.070661859
6328 Rocky Point Ct,Oakland,CA,94605,37.777424,-122.161679,4,2468,838000,1.073673668,1.610102565,0.172392074
1002 28th St,Oakland,CA,94608,37.819793,-122.279167,9,3818,1650000,0.922102823,1.10527634,0.14201688
1611 Potrero Ave,Richmond,CA,94804,37.92421,-122.353591,0,3313,835000,0.865746544,1.613505527,0.248378103
444 Via Coches,San Lorenzo,CA,94580,37.675057,-122.122772,3,1000,620000,0.954975915,1.643198706,0.351545655
1983 San Jose Ave,San Francisco,CA,94112,37.725205,-122.44252,2,1656,998000,0.360936602,0.563789178,0.063495345
696 5th Ave,San Francisco,CA,94118,37.775574,-122.462529,0,3100,1995000,0.7226052,0.670741282,0.355601533
1003 Woodbury Rd # 207,Lafayette,CA,94549,37.889539,-122.133722,2,1110,995000,0.554114999,1.661803249,0.377955775
1558 23rd Ave,San Francisco,CA,94122,37.758554,-122.480742,3,2286,1495000,1.098582597,1.665618663,0.384912937
515 517 23rd Ave,San Francisco,CA,94121,37.777897,-122.482741,4,2360,1795000,1.100884563,1.684913504,0.390818276
425 N El Camino Real UNIT 212,San Mateo,CA,94401,37.570082,-122.336414,2,1342,895000,0.712929102,1.708055383,0.393635091
650 Canyon Dr,Pacifica,CA,94044,37.634948,-122.480738,2,800,798000,0.82987178,1.70868912,0.339922552
2799 Sacramento St,San Francisco,CA,94115,37.789079,-122.43867,0,13800,7750000,1.105943672,0.836648256,0.153699375
651 19th Ave,San Francisco,CA,94121,37.775613,-122.478291,3,1885,1495000,1.108411842,1.452202435,0.261092245
4700 Edgewood Ave,Oakland,CA,94602,37.811274,-122.217049,4,1972,1049000,1.113165894,1.551522301,0.339922552
9 Corte Camellia,Millbrae,CA,94030,37.593511,-122.409838,3,1730,1600000,1.114268783,1.566300729,0.394795858
1782 Borden St,San Mateo,CA,94403,37.559273,-122.293089,4,1500,1350000,1.005925696,1.722718159,0.116947129
311 Barbara Ln,Daly City,CA,94015,37.657111,-122.461646,3,1610,949000,1.086879163,1.732324241,0.324823453
615 Missouri St,San Francisco,CA,94107,37.75855,-122.395872,3,1990,2995000,0.181466165,0.576331258,0.375618538
686 Edna Way,San Mateo,CA,94402,37.55575,-122.305228,4,1540,1700000,0.305976835,1.58543361,0.396383701
317 S 3rd St,Richmond,CA,94804,37.927651,-122.36725,2,930,374900,0.997392561,1.757737374,0.396438226
157 Via Joaquin,Moraga,CA,94556,37.836671,-122.124256,3,2018,975000,1.121846071,1.757737374,0.304475045
4544 Fulton St,San Francisco,CA,94121,37.772981,-122.480712,2,1525,1250000,1.124051935,1.541981252,0.276061396
1921 107th Ave,Oakland,CA,94603,37.739991,-122.160481,3,1218,450000,1.125136679,1.757737374,0.388746365
124 Mirada Dr,Daly City,CA,94015,37.683735,-122.476035,5,1710,998888,0.540170291,1.75939297,0.190550493
1236 De Solo Dr,Pacifica,CA,94044,37.593502,-122.502676,3,1040,949888,1.127810763,1.762451742,0.232839014
3139 West St,Oakland,CA,94608,37.821413,-122.273463,1,837,515000,0.635033591,0.906293091,0.211731922
1571 Fulton St,San Francisco,CA,94117,37.776059,-122.442595,7,4154,4995000,0.910203108,0.714310639,0.252309487
1748 Hemlock Ave,San Mateo,CA,94401,37.567312,-122.300809,3,1080,1098000,1.096736971,0.999648906,0.203308074
172 Lakeshore Dr,San Mateo,CA,94402,37.532262,-122.347291,3,1620,1750000,1.127810763,1.430166482,0.321615895
119 N Rochester St,San Mateo,CA,94401,37.579677,-122.313539,3,1430,1375000,0.992083321,1.778574161,0.072880388
3294 Clay St APT 6,San Francisco,CA,94115,37.789241,-122.446887,3,2006,2195000,1.128605895,1.284111347,0.353681431
311 Oak St APT 828,Oakland,CA,94607,37.794064,-122.267978,1,657,490000,0.255800363,1.34881827,0.268360776
831 E 17th St,Oakland,CA,94606,37.794909,-122.248369,0,3232,1095000,0.93061902,1.39424207,0.264987274
4000 Maple Ave,Oakland,CA,94602,37.800192,-122.201725,3,1576,899000,1.022976324,1.415040401,0.276427276
216 Roanoke St,San Francisco,CA,94131,37.735231,-122.430272,1,695,799000,0.245091166,1.158261021,0.284532462
821 Phoenix Ln,Foster City,CA,94404,37.547925,-122.272621,2,1188,1088000,1.13228702,1.480792914,0.130528745
542 Belvedere St,San Francisco,CA,94117,37.76282,-122.4479,2,1300,1350000,1.142520175,0.543129638,0.133064322
1446 8th Ave,San Francisco,CA,94122,37.761339,-122.464721,2,1577,1495000,1.142930558,0.867405458,0.230644999
2501 66th Ave,Oakland,CA,94605,37.767645,-122.186362,3,1405,549900,1.120959813,1.195310029,0.332014175
2210 Virginia St,Berkeley,CA,94709,37.876792,-122.266148,4,2664,1300000,0.474089238,1.198595129,0.363583502
30 Quail Xing,Moraga,CA,94556,37.810404,-122.118722,1,1068,2450000,0.945944786,1.784947474,0.338540466
1947 Virginia St,Berkeley,CA,94709,37.876433,-122.271472,5,3054,1300000,0.472923235,1.803967107,0.385727281
918 Haight St,San Francisco,CA,94117,37.771433,-122.437478,4,3468,2350000,0.656264533,0.604722019,0.267013421
3763 17th St,San Francisco,CA,94114,37.762577,-122.429876,0,2100,1799000,0.595245132,0.426870476,0.261412859
"280 Spear Street #24C Plan, MIRA",San Francisco,CA,94105,37.791282,-122.39306,2,1209,1930000,0.245731873,0.735759836,0.300332739
655 Via Manzanas,San Lorenzo,CA,94580,37.675688,-122.127567,3,1134,639900,0.471275034,0.784433544,0.340653505
259 Wilson St,San Francisco,CA,94112,37.709435,-122.462092,2,880,799000,0.448089057,0.84838051,0.371414168
37 Tucker Ave,San Francisco,CA,94134,37.715156,-122.404323,3,1200,899000,0.468040921,1.072092308,0.392286155
833 43rd St,Oakland,CA,94608,37.832532,-122.271436,2,652,729000,0.339381355,1.346643455,0.258482164
3263 Encinal Ave,Alameda,CA,94501,37.755044,-122.231764,2,1277,898000,0.941557893,1.393632429,0.237297888
4124 Judah St,San Francisco,CA,94122,37.760649,-122.506437,0,4156,1995000,0.948328195,1.460324589,0.359141213
"51 Innes Ct. #312 Plan, The San Francisco Shipyard   Monarch",San Francisco,CA,94124,37.7271,-122.368,2,1080,1015000,1.015287715,1.481165422,0.398804528
1113 Derby St,Berkeley,CA,94702,37.858,-122.287785,5,2305,1150000,1.03228642,1.504106166,0.252484324
446 Hill St,San Francisco,CA,94114,37.755736,-122.431124,4,2137,2699000,0.732894209,0.260827123,0.353992416
1231 Campus Dr,Berkeley,CA,94708,37.887019,-122.254558,2,1135,850000,0.917490046,0.899654966,0.142152129
1568 Union St APT 101,San Francisco,CA,94123,37.798654,-122.425218,2,1044,1249000,1.065319838,0.597930531,0.234967448
295 Mather St,Oakland,CA,94611,37.831292,-122.253636,7,2604,1295000,0.748294632,1.34286731,0.288135565
377 Mandarin Dr APT 105,Daly City,CA,94015,37.665306,-122.463691,1,817,588000,0.935750375,1.52743079,0.304331762
22 Bridge Rd,Berkeley,CA,94705,37.85614,-122.238845,4,3409,2495000,1.045902136,1.638381672,0.348416798
436 Barnegat Ln,Redwood City,CA,94065,37.535369,-122.246078,1,811,839000,1.082818514,1.661466647,0.208865393
2408 California St,Berkeley,CA,94703,37.863886,-122.279375,2,945,695000,0.749052634,1.804690394,0.30125698
1784 Alhambra Ln,Oakland,CA,94611,37.835642,-122.208627,3,2055,1095000,0.749782521,1.810748146,0.31547455
462 Silver Ave,San Francisco,CA,94112,37.72837,-122.427302,2,1150,695000,0.482111127,1.424487176,0.348222675
1200 California St UNIT 5A,San Francisco,CA,94109,37.791671,-122.414524,1,1450,1295000,0.613349915,0.497915933,0.354333683
2519 Etna St # 3,Berkeley,CA,94704,37.865106,-122.25235,3,1471,895000,0.738598134,1.080580472,0.26170891
1290 Bancroft Way,Berkeley,CA,94702,37.864927,-122.286793,2,1195,850000,0.676989039,1.644066288,0.181454356
3235C Louise St,Oakland,CA,94608,37.824563,-122.285189,3,1992,1095000,0.83785909,1.553246715,0.120118539
6880 Buckingham Blvd,Berkeley,CA,94705,37.857599,-122.22473,5,3550,1599000,0.908471068,1.753822473,0.162520545
151 Avenida Dr,Berkeley,CA,94708,37.884261,-122.249493,3,2201,1295000,0.92945818,1.824473637,0.0684188
420 Lexington Ave,El Cerrito,CA,94530,37.901948,-122.300774,2,1001,599000,0.110169818,1.828313954,0.203948775
1630 35th Ave,Oakland,CA,94601,37.779434,-122.220482,0,5450,1590000,0.383870569,1.838487341,0.146656696
922 Arlington Blvd,El Cerrito,CA,94530,37.919978,-122.286805,2,1387,849000,0.958423669,1.838606117,0.146656696
797 Vincente Ave,Berkeley,CA,94707,37.893839,-122.284439,3,1560,1195000,0.998291261,1.848531271,0.146656696
3008 E 22nd St,Oakland,CA,94601,37.785381,-122.222869,3,1139,575000,0.696720789,1.848909597,0.187060643
280 Miriam St,Daly City,CA,94014,37.699702,-122.465236,2,1360,649000,0.481671767,1.751972725,0.228162372
149 Santa Clara Ave,San Bruno,CA,94066,37.613919,-122.403416,5,2300,1298000,0.615477131,1.84943537,0.193500937
1840 Washington St APT 702,San Francisco,CA,94109,37.793212,-122.423745,2,985,1649000,1.039283113,0.214134389,0.238563813
888 61st St,Oakland,CA,94608,37.845809,-122.27479,4,1437,925000,0.567346453,1.548823077,0.242351966
2301 23rd Ave,Oakland,CA,94606,37.790481,-122.230234,0,4465,1298888,1.043365642,1.729328259,0.29062957
24 Humboldt Ct,Pacifica,CA,94044,37.584009,-122.467391,3,2460,1198888,1.052940104,1.853124537,0.182035354
600 Baltic Cir UNIT 630,Redwood City,CA,94065,37.539198,-122.242176,2,1424,1150000,1.06738032,1.853218752,0.182936569
123 Fairlawn Dr,Berkeley,CA,94708,37.886167,-122.25121,4,2084,1350000,1.079893313,1.862898579,0.142241373
2600 Etna St APT 1,Berkeley,CA,94704,37.86381,-122.252825,1,745,525000,0.943435835,1.877942027,0.262182176
414 40th St APT 303,Oakland,CA,94609,37.828719,-122.259987,2,1025,739000,0.386059036,1.104623043,0.267990924
760 Bay Rd,Mill Valley,CA,94941,37.877138,-122.541308,4,2180,2125000,1.091050087,1.882893997,0.269511105
124 Walford Dr,Moraga,CA,94556,37.818618,-122.120155,4,2110,1325000,1.143363572,1.888532794,0.280143474
11040 Monan St,Oakland,CA,94605,37.750669,-122.126316,4,2720,999000,1.143733569,1.893185492,0.175171853
5022 Plaza Cir,Richmond,CA,94804,37.92374,-122.321981,4,1887,568000,0.294627925,1.899484839,0.043593098
357 Warren Dr,San Francisco,CA,94131,37.755787,-122.461585,2,1741,1495000,1.148584807,1.071042459,0.25779668
35 Woodward Ave,Sausalito,CA,94965,37.859559,-122.492993,2,1250,1650000,1.153698773,1.699414587,0.24415134
"10 Innes Ct #403 Plan, The San Francisco Shipyard   Landing",San Francisco,CA,94124,37.7273,-122.371,2,1020,900000,1.154455154,1.900352537,0.285158782
1524 Irving St # 1528,San Francisco,CA,94122,37.763932,-122.47438,3,2900,1700000,1.154974913,1.242755047,0.30712522
1841 Vine St,Berkeley,CA,94703,37.879784,-122.274406,0,2095,869000,0.611503716,1.901047817,0.299970557
370 Bella Vista Ave,Belvedere,CA,94920,37.866724,-122.461203,5,3010,3595000,0.750774913,1.901393239,0.332122059
33 De Silva Island Dr,Mill Valley,CA,94941,37.887285,-122.515387,3,2034,1700000,1.162314721,1.915386171,0.334475087
4059 Allendale Ave,Oakland,CA,94619,37.784323,-122.204155,14,5225,2100000,1.162899728,1.915386171,0.137442421
1499 Clayton St,San Francisco,CA,94114,37.758174,-122.444635,4,1812,1495000,1.163019466,0.865673641,0.164412474
1937 Capistrano Ave,Berkeley,CA,94707,37.896022,-122.277464,4,2788,1995000,1.166246372,0.910731385,0.072114068
244 Cherrywood Ave,San Leandro,CA,94577,37.731151,-122.163449,3,1686,775000,0.6523731,1.188378641,0.128935173
5210 Fresno Ave,Richmond,CA,94804,37.902798,-122.3138,6,2968,1355000,0.81066213,1.924537282,0.202969746
1230 Clay St APT 302,San Francisco,CA,94108,37.79357,-122.413681,1,1100,1000000,0.702424358,0.583238034,0.25680424
1519 La Salle Ave,San Francisco,CA,94124,37.735453,-122.387373,3,1421,1059000,0.735141242,1.140998411,0.276190203
406 County View Dr,Mill Valley,CA,94941,37.872915,-122.535113,2,1625,995000,0.909687314,1.892734646,0.309621873
2006 24th Ave,San Francisco,CA,94116,37.75007,-122.481335,3,977,1099000,0.968040991,1.930825934,0.33309934
6900 Morken St,Oakland,CA,94621,37.762479,-122.187244,2,768,314000,0.803605408,1.936235436,0.336291309
1404 Sherman St,Alameda,CA,94501,37.771323,-122.263181,3,1569,749000,1.168597607,1.936235436,0.183639068
5 Torrens Ct,San Francisco,CA,94109,37.793011,-122.418768,3,1305,1395000,0.834883664,0.323251889,0.209777327
439 Greenwich St APT 3B,San Francisco,CA,94133,37.802377,-122.407011,1,514,750000,0.851499867,1.233861321,0.064281031
1050 37th St,Oakland,CA,94608,37.827739,-122.277734,4,1596,849000,0.59138922,1.31809719,0.195154321
388 Faxon Ave # 8,San Francisco,CA,94112,37.721376,-122.459712,2,1263,959888,0.67072916,0.413436008,0.262474031
1007 41st St APT 114,Emeryville,CA,94608,37.831967,-122.277256,1,668,341700,0.593102078,1.381421979,0.100723625
1004 Fontana Dr,Alameda,CA,94502,37.736762,-122.246805,3,1584,749000,0.952371656,1.512949778,0.289916939
6435 Blue Rock Ct,Oakland,CA,94605,37.779892,-122.165551,3,1842,740000,0.96955648,1.597603986,0.29528302
"52 Innes Ct. #201 Plan, The San Francisco Shipyard   Monarch",San Francisco,CA,94124,37.7271,-122.368,2,1080,975000,0.9859515,1.765668464,0.301248732
2901 Nicol Ave,Oakland,CA,94602,37.793354,-122.216318,1,550,1395000,1.168670015,1.936235436,0.119814041
1830 Eddy St,San Francisco,CA,94115,37.780856,-122.438571,3,1400,1800000,1.168670015,1.047372802,0.27825313
625 Girard St,San Francisco,CA,94134,37.724671,-122.403187,0,750,888888,1.104884959,1.067394231,0.318111723
718 10th Ave,San Mateo,CA,94402,37.562688,-122.312858,0,1959,1499000,0.684617984,1.099806521,0.337157999
"10 Innes Ct #304 Plan, The San Francisco Shipyard   Landing",San Francisco,CA,94124,37.7273,-122.371,2,1020,880000,0.693662602,1.937940158,0.344376741
1109 Greenwich St,San Francisco,CA,94109,37.80094,-122.418132,2,1945,1649000,1.168800978,0.801854748,0.355181885
815 Meade Ave,San Francisco,CA,94124,37.717084,-122.396558,2,1331,850000,0.638603428,1.690689567,0.24415651
4390 17th St,San Francisco,CA,94114,37.762224,-122.442959,2,1200,1395000,1.169443295,0.744411017,0.163971295
57 Plaza Dr,Mill Valley,CA,94941,37.904344,-122.518162,3,1689,1392000,1.172023987,0.963920436,0.320684496
1724 Vista Del Sol,San Mateo,CA,94404,37.555593,-122.284801,2,1070,888000,1.173490068,0.968942706,0.19393891
999 Green St APT 1104,San Francisco,CA,94133,37.798446,-122.415217,2,1681,2450000,0.985371045,0.729518514,0.329488235
1633 62nd St,Berkeley,CA,94703,37.846825,-122.27398,5,2289,1600000,0.484592374,1.457536501,0.343990958
1025 Ocean View Ave,Daly City,CA,94014,37.703094,-122.45941,4,2781,1388000,0.562941136,1.423139475,0.197802118
1618 36th Ave,San Francisco,CA,94122,37.756766,-122.494592,2,1790,1249000,1.044546781,1.946260843,0.355181885
250 Cumberland St,San Francisco,CA,94114,37.75906,-122.4293,5,4004,7250000,0.687446409,0.498038421,0.13657401
"69B Plan, 181 Fremont",San Francisco,CA,94105,37.789808,-122.395356,2,3199,14000000,0.233581317,0.63869317,0.360440254
588 41st Ave,San Francisco,CA,94121,37.777636,-122.501585,2,1385,929000,0.328103621,0.653679089,0.362302128
741 Harte St,Montara,CA,94037,37.539128,-122.506211,3,1800,1125000,0.756775743,1.471460905,0.362764371
301 Of Bryant Street,San Francisco,CA,94107,37.78447,-122.3916,1,914,895000,0.567817436,0.499303769,0.231488808
729 Grove St,San Francisco,CA,94102,37.776939,-122.428629,2,1680,1495000,0.630373831,0.599510563,0.255693616
1315 Jackson St,San Francisco,CA,94109,37.794536,-122.416802,0,4845,1950000,0.655325562,0.473194804,0.362958527
319 Manor Dr,Pacifica,CA,94044,37.649669,-122.484817,3,1820,900000,0.782303116,0.955550302,0.300122243
"05 Plan, 719 Larkin",San Francisco,CA,94109,37.784529,-122.418101,1,575,690000,0.418254414,0.484234835,0.32003089
99 Rausch St UNIT 213,San Francisco,CA,94103,37.776043,-122.409005,2,1087,1246050,0.354902719,0.620100809,0.364047436
401 Harrison St APT 46A,San Francisco,CA,94105,37.786062,-122.392176,2,1648,3250000,0.543400847,0.53208108,0.31880229
1323 1325 35th Ave,San Francisco,CA,94122,37.762305,-122.494566,4,2000,1298000,0.549999406,0.858975088,0.365932513
1008 Foster Square Ln UNIT 204,Foster City,CA,94404,37.557462,-122.26854,2,1363,1175000,0.553601247,1.026566731,0.082701993
305 Barbara Ln,Daly City,CA,94015,37.657366,-122.461833,2,1180,785800,0.58566121,1.124517544,0.082701993
325 China Basin St UNIT 307,San Francisco,CA,94158,37.771662,-122.387453,1,775,899000,0.532241405,0.946196402,0.312752207
685 48th Ave,San Francisco,CA,94121,37.775479,-122.50933,0,4002,1795000,0.665706916,0.997749383,0.358158728
1318 Larkin St,San Francisco,CA,94109,37.790166,-122.418637,3,1820,1198000,0.703487692,0.261525186,0.368408684
130 Ortega St,San Francisco,CA,94122,37.753011,-122.465159,2,1312,999000,0.775455425,1.200630197,0.372095787
10546 Sheldon St,Oakland,CA,94605,37.74622,-122.14691,3,1180,600000,0.780444488,1.222816459,0.256029763
4213 Terrace St,Oakland,CA,94611,37.830216,-122.254148,0,1500,1180000,0.708788431,1.252994584,0.319018726
1904 Filbert St,Oakland,CA,94607,37.8123,-122.281361,10,3852,1799988,0.741528228,1.113176174,0.214549829
7327 Fresno St,Oakland,CA,94605,37.763892,-122.178949,3,888,330000,0.835478302,1.263489607,0.231160844
2901 Macarthur Blvd APT 307,Oakland,CA,94602,37.797852,-122.20675,2,903,450000,0.847054956,1.307062946,0.30876492
339 Pacific Ave,Alameda,CA,94501,37.77645,-122.28696,2,854,549000,0.870563016,1.33314392,0.105488869
201 Harrison St APT 1027,San Francisco,CA,94105,37.787587,-122.390471,2,1030,1090000,0.514770576,0.67116574,0.315800318
1919 Alameda De Las Pulgas APT 137,San Mateo,CA,94403,37.546489,-122.321101,2,892,698000,0.60619331,1.416115448,0.319652201
998 Burnett Ave,San Francisco,CA,94131,37.747126,-122.445139,4,2084,1695000,0.774745484,0.848392437,0.338692716
501 Crescent Way APT 5407,San Francisco,CA,94134,37.711928,-122.388605,2,1095,799000,0.743018212,1.479985781,0.321756021
106 Harbor Seal Ct,San Mateo,CA,94404,37.556937,-122.289359,3,2100,1408888,0.791950587,1.523017524,0.306731797
3190 Scott St APT 307,San Francisco,CA,94123,37.799026,-122.440628,2,1100,1195000,0.895075781,1.123996439,0.310681301
1221 Grand St,Alameda,CA,94501,37.769464,-122.257967,4,3011,1637000,0.90907767,1.534218572,0.191050702
775 Goettingen St,San Francisco,CA,94134,37.72243,-122.404461,3,1290,995000,0.918261262,1.578507285,0.375162712
3800 Washington St,San Francisco,CA,94118,37.789135,-122.455971,9,18788,23800000,0.918560114,1.359460174,0.164932352
2386 Union St,San Francisco,CA,94123,37.796945,-122.43846,1,850,1200000,0.938166629,0.947662367,0.375202495
1 Elm St APT 102,San Carlos,CA,94070,37.512978,-122.268577,2,1180,948888,0.576931743,1.605093742,0.188163114
2869 38th Ave,Oakland,CA,94619,37.787151,-122.20453,0,2224,1500000,0.715646107,1.606249297,0.032510867
2004 Northshore Dr,Richmond,CA,94804,37.91602,-122.353091,3,1786,699000,0.941706751,1.611521013,0.323831961
933 Addison St APT D,Berkeley,CA,94710,37.867373,-122.294537,1,583,399000,0.783153399,1.612863792,0.12340066
1490 Thrush Ave APT 30,San Leandro,CA,94578,37.701522,-122.121275,2,749,379000,0.428194877,1.63216135,0.330186297
58 Vernon St # 302,Oakland,CA,94610,37.812345,-122.259815,2,1296,1095000,0.533359004,0.070981234,0.153926642
1477 1479 Guerrero St,San Francisco,CA,94110,37.747522,-122.422103,0,2920,2300000,0.382731438,0.570462433,0.354438656
1868 Floribunda Ave,Hillsborough,CA,94010,37.572602,-122.360339,8,17907,45000000,0.947559251,1.466795393,0.359160094
432 Cortland Ave,San Francisco,CA,94110,37.738871,-122.417001,0,6394,2500000,0.928897849,1.182221093,0.197322824
137 12th Ave,San Mateo,CA,94402,37.55806,-122.315796,2,1250,1500000,0.478233411,1.560575098,0.350278511
1 Hawthorne St UNIT 14G,San Francisco,CA,94105,37.785768,-122.398876,1,950,1298000,0.282380799,0.315562655,0.361704472
268 Grand View Ave,San Francisco,CA,94114,37.753942,-122.441546,4,3321,3995000,0.503560106,0.598661605,0.305432948
858 Templeton Ave,Daly City,CA,94014,37.702706,-122.453121,3,1510,968000,0.505359139,1.248682515,0.30437182
1210 40th Ave,San Francisco,CA,94122,37.764163,-122.499475,2,1225,1100000,0.666715152,1.270932178,0.375621486
2999 California St APT 42,San Francisco,CA,94115,37.787445,-122.443491,1,989,949000,0.803108097,1.112605607,0.38011926
4399 Whittle Ave,Oakland,CA,94602,37.811562,-122.205031,4,1672,899000,0.899431011,1.333242929,0.356949396
732 Via Aires,San Lorenzo,CA,94580,37.671493,-122.126624,3,1998,788000,0.91734285,1.375146687,0.381824749
180 Caldecott Ln UNIT 105,Oakland,CA,94618,37.855688,-122.220263,1,773,499000,0.959438199,1.397981539,0.387305689
1130 College Ave,Alameda,CA,94501,37.756848,-122.239213,4,2186,1295000,0.975653583,1.4920538,0.215799495
1086 Alabama St,San Francisco,CA,94110,37.754608,-122.411424,3,1685,1795000,0.418318856,0.815207432,0.309468635
2815 Polk St # 1,San Francisco,CA,94109,37.80275,-122.42341,1,1002,1595000,0.866844928,0.873121036,0.38716662
1061 Trestle Glen Rd,Oakland,CA,94610,37.806971,-122.234672,3,1806,1349000,0.979887478,1.079918216,0.387305689
2815 Polk St # 2,San Francisco,CA,94109,37.80275,-122.42341,2,1421,2695000,0.980746408,0.873121036,0.388397432
540 42 Belvedere St,San Francisco,CA,94117,37.76276,-122.447666,4,2600,2695000,1.00370971,0.553154416,0.122295097
1804 Saint Andrews Dr,Moraga,CA,94556,37.832223,-122.139396,3,1819,980000,1.012104864,1.182754837,0.388397432
431 Christopher Dr,San Francisco,CA,94131,37.753877,-122.459615,4,1643,1495000,1.013376955,1.151590492,0.389297757
1389 Crown Dr,Alameda,CA,94501,37.770997,-122.281338,2,1182,729500,1.031157553,1.187822782,0.258098575
88 King St UNIT 1407,San Francisco,CA,94107,37.78063,-122.389624,3,3596,5350000,0.395461259,0.557054802,0.244124807
6334 Telegraph Ave,Oakland,CA,94609,37.849261,-122.260264,3,1338,799000,0.579101983,1.281070549,0.18500867
1851 Bockman Rd,San Lorenzo,CA,94580,37.671256,-122.144336,3,1078,678000,0.590629956,1.343597023,0.317561106
223 Molimo Dr,San Francisco,CA,94127,37.736681,-122.449795,4,2900,2795000,0.879876962,0.963192567,0.224765804
56 Conrad St,San Francisco,CA,94131,37.737572,-122.436519,3,1670,1688000,0.345063284,1.04240233,0.335292583
2248 Coloma St,Oakland,CA,94602,37.801816,-122.213625,3,1614,799000,0.909115274,1.33567774,0.259202614
1770 14th St,Oakland,CA,94607,37.813267,-122.29739,2,1513,799000,0.605963866,1.479098321,0.347132236
113 Ashford Ave,Mill Valley,CA,94941,37.904353,-122.525548,2,1672,899000,0.941308725,1.493452745,0.391683132
1433 Bush St # 401,San Francisco,CA,94109,37.788531,-122.420976,3,1087,1240000,0.735761699,0.173341329,0.391899798
200 2nd St UNIT 204,Oakland,CA,94607,37.794117,-122.270692,2,767,543091,0.362311561,1.26291074,0.235634514
8108 Olive Street A B C # D,Oakland,CA,94621,37.759825,-122.172298,8,3737,539828,0.764194707,1.394630189,0.22904183
405 Cork Harbour Cir APT A,Redwood City,CA,94065,37.532628,-122.257717,1,764,795000,1.025821114,1.435581074,0.048405052
1636 Delaware St,Berkeley,CA,94703,37.873278,-122.278391,0,1310,899000,0.270768392,1.576594153,0.27697636
1435 Dutton Ave,San Leandro,CA,94577,37.734221,-122.140922,4,2100,998000,0.600673751,1.595040384,0.32155365
588 Minna St # 201,San Francisco,CA,94103,37.778952,-122.410179,2,976,1171000,0.198026749,0.590389573,0.323231634
588 Minna St # 203,San Francisco,CA,94103,37.778952,-122.410179,1,644,825000,0.198026749,0.590389573,0.323231634
28 Loyola Ter,San Francisco,CA,94117,37.776046,-122.448747,2,1368,1499000,0.400314018,0.496211757,0.283540221
56 Oviedo Ct,Pacifica,CA,94044,37.590943,-122.490848,3,1300,998000,0.400314018,1.058970591,0.326789383
370 370 Monterey Blvd # 105,San Francisco,CA,94131,37.731841,-122.443393,1,610,468000,0.530621241,0.790480097,0.339738475
3 View Ter,Millbrae,CA,94030,37.591834,-122.399312,3,2360,1800000,0.732756005,1.058970591,0.198345756
425 1st St UNIT 4706,San Francisco,CA,94105,37.785829,-122.392275,2,1238,1998000,0.552018689,0.517879098,0.301807358
6168 Contra Costa Rd,Oakland,CA,94618,37.845061,-122.231514,5,3467,2380000,0.554924754,1.069820203,0.257093797
47 Pelican Ln # 47,Redwood City,CA,94065,37.531187,-122.255811,1,838,789888,0.648799281,1.069820203,0.121972361
2209 Bryant St,San Francisco,CA,94110,37.75895,-122.4094,3,1410,1495000,0.678709122,0.508242327,0.298616414
434 Lisbon St,San Francisco,CA,94112,37.72155,-122.43429,4,2260,1399000,0.71126771,0.995706454,0.348784748
3936 26th St,San Francisco,CA,94131,37.748685,-122.42807,3,4650,1649000,0.580145775,0.274506147,0.350909259
311 Bowsman Ct # 148,Oakland,CA,94601,37.772189,-122.234647,3,1993,849000,0.552657537,1.167280159,0.296727417
1115 Kansas St,San Francisco,CA,94107,37.755682,-122.402357,3,1878,1495000,0.53051728,0.610531606,0.341308917
3961 Casanova Dr,San Mateo,CA,94403,37.536125,-122.282974,3,1080,1290000,0.720754051,1.181507249,0.151568108
1754 Leavenworth St,San Francisco,CA,94109,37.797396,-122.416758,4,3005,3249000,0.796813693,0.620844537,0.242101872
2919 West St,Oakland,CA,94608,37.819619,-122.274044,3,1271,799000,0.757168537,0.855946813,0.131689472
15 Pilarcitos Ct,Hillsborough,CA,94010,37.532092,-122.360098,5,3678,3490000,0.803965342,1.181507249,0.309279693
1298 Treat Ave,San Francisco,CA,94110,37.749544,-122.412922,4,1250,1249000,0.356435173,0.99672291,0.057543981
250 King St UNIT 626,San Francisco,CA,94107,37.778359,-122.39306,2,1442,1495000,0.152094149,0.418791174,0.176059752
2013 Rockport Ave,Redwood City,CA,94065,37.547015,-122.236939,4,2710,2488000,0.85311837,1.110764989,0.232709327
1290 De Solo Dr,Pacifica,CA,94044,37.592956,-122.503502,3,1040,1050000,0.85311837,1.159841625,0.273161527
1714 Mckinnon Ave,San Francisco,CA,94124,37.737305,-122.391241,3,1355,829000,0.855962692,1.270365009,0.341533386
9 Middle Rd,Lafayette,CA,94549,37.889861,-122.160768,3,1772,1324785,0.863294507,1.296295552,0.341533386
1170 9th St APT 4,Alameda,CA,94501,37.768625,-122.270096,1,665,460000,0.867254615,1.361375824,0.152046554
"52 Innes Ct. #403 Plan, The San Francisco Shipyard   Monarch",San Francisco,CA,94124,37.7271,-122.368,3,1409,1275000,0.867254615,1.451303168,0.230745939
4318 West St,Oakland,CA,94608,37.832938,-122.269993,3,1197,749900,0.312709906,1.47908953,0.310900397
1258 York St,San Francisco,CA,94110,37.751952,-122.408258,3,2030,1925000,0.558760954,0.908237952,0.250115127
53 Clarendon Ave,San Francisco,CA,94114,37.758638,-122.449963,4,3500,4995000,0.885111893,0.776799533,0.334425058
2033 Melvin Rd,Oakland,CA,94602,37.812625,-122.20528,4,2050,949000,0.895684363,1.140599497,0.325411568
555 Pierce St APT 241,Albany,CA,94706,37.894826,-122.307143,2,1113,578000,0.700858064,1.237551943,0.151337933
1809 3rd St APT A,Alameda,CA,94501,37.777883,-122.288163,2,750,545000,0.899585536,1.418017087,0.106621321
3757 39th Ave,Oakland,CA,94619,37.791338,-122.195268,9,4276,1349000,0.908850143,1.51522749,0.216102103
1092 Keith Ave,Berkeley,CA,94708,37.890396,-122.262134,4,2349,1445000,0.912482476,1.533463717,0.144769672
4096 17th St APT 101,San Francisco,CA,94114,37.762821,-122.437239,1,675,649000,0.918385325,0.672417272,0.069293306
153 23rd Ave,San Francisco,CA,94121,37.784862,-122.483263,3,1818,1675000,0.920232038,0.827034964,0.146203215
1201 Pine St UNIT 141,Oakland,CA,94607,37.812867,-122.300432,1,1219,629000,0.635386781,0.974088897,0.187361191
236 Shoreline Ct,Richmond,CA,94804,37.911944,-122.343903,1,779,435000,0.981728542,1.551207675,0.252663663
1817 California St APT 102,San Francisco,CA,94109,37.78956,-122.424535,2,781,849000,0.909335251,0.072403249,0.220242929
3716 Crestmont Pl,Lafayette,CA,94549,37.899804,-122.132523,4,4291,3589000,0.627120334,1.469755101,0.268745355
9 Ora Way,San Francisco,CA,94131,37.742365,-122.438259,3,2394,3400000,0.687680308,0.77710659,0.271062683
309 Sawyer St,San Francisco,CA,94134,37.714092,-122.413751,2,800,699000,0.761915986,1.473646156,0.272875551
2422 Bonar St,Berkeley,CA,94702,37.862574,-122.286332,4,1792,1449000,0.828441916,1.552388834,0.275147211
522 526 Lake St,San Francisco,CA,94118,37.786899,-122.465189,9,5640,4250000,0.971291448,1.371883858,0.249225916
1697 23rd Ave,San Francisco,CA,94122,37.756051,-122.481183,4,3250,1495000,1.009898427,1.581216237,0.296344308
501 Lisbon St,San Francisco,CA,94112,37.720188,-122.434786,0,2675,1100000,0.701833977,0.982334459,0.303384768
1731 Powell St # 204,San Francisco,CA,94133,37.800682,-122.411287,3,1934,2800000,0.892175726,0.986345331,0.071111897
38 Bryant St APT 401,San Francisco,CA,94105,37.787465,-122.388972,1,666,790000,0.580510255,0.730263745,0.325463791
1731 Powell St # 205,San Francisco,CA,94133,37.800682,-122.411287,2,1369,1895000,0.688194715,0.986345331,0.071111897
900 Filbert St,San Francisco,CA,94133,37.800851,-122.414473,2,1625,1899000,0.812650056,0.888496384,0.244462996
3046 California St,San Francisco,CA,94115,37.787834,-122.44459,4,1849,2275000,0.945541149,1.167920897,0.325463791
401 Harrison St APT 40F,San Francisco,CA,94105,37.786062,-122.392176,2,1241,2300000,0.543400847,0.53208108,0.31880229
333 Beale St APT 3E,San Francisco,CA,94105,37.788377,-122.392083,2,1630,2095000,0.414823125,0.647544177,0.342510657
650 Delancey St APT 216,San Francisco,CA,94107,37.782774,-122.389688,2,1565,1875000,0.507551569,0.561647327,0.242648156
2941 2941a 23rd Ave,San Francisco,CA,94132,37.721056,-122.506684,5,3500,2499000,0.510094867,1.336717366,0.346841705
1013 San Gabriel Cir UNIT 409,Daly City,CA,94014,37.706151,-122.441144,2,1004,659888,0.549999406,1.312824808,0.103628483
123 Stillings Ave,San Francisco,CA,94131,37.734337,-122.442629,2,834,1400000,0.490009681,0.954425798,0.238462907
434 Central Ave,Alameda,CA,94501,37.770814,-122.28449,53,34344,19345000,0.665706916,1.378366531,0.326076484
6125 Bromley Ave,Oakland,CA,94621,37.765937,-122.195532,4,1852,464221,0.782694825,1.467428954,0.251614768
"280 Spear Street #14E Plan, MIRA",San Francisco,CA,94105,37.791282,-122.39306,2,1347,2100000,0.245731873,0.784433544,0.35019311
1800 109th Ave,Oakland,CA,94603,37.738052,-122.160631,2,1561,450000,0.471275034,1.48311934,0.326088403
56 Shoreline Ct,Richmond,CA,94804,37.910984,-122.342431,2,869,430000,0.808330156,1.48311934,0.217904395
5169 Golden Gate Ave,Oakland,CA,94618,37.844945,-122.2339,4,2464,1685000,0.823605402,1.574967882,0.175783528
219 Castenada Dr,Millbrae,CA,94030,37.590585,-122.396539,4,2030,2250000,0.843760071,1.594553946,0.22022928
10951 Cliffland Ave,Oakland,CA,94605,37.749176,-122.132543,3,1672,799000,0.851228652,1.611521013,0.181314477
3746 Park Boulevard Way APT A,Oakland,CA,94610,37.805049,-122.230713,1,916,618500,0.855438144,1.613265703,0.362451291
350 S 12th St,Richmond,CA,94804,37.927059,-122.357681,3,855,385000,0.714617155,1.63040787,0.341045554
4 Greenwood Cove Dr APT C,Belvedere Tiburon,CA,94920,37.897972,-122.500705,2,1509,1295000,0.870563016,1.65137652,0.37122248
"51 Innes Ct. #212 Plan, The San Francisco Shipyard   Monarch",San Francisco,CA,94124,37.7271,-122.368,2,1080,985000,0.909694066,1.661466647,0.371414168
270 Castenada Ave,San Francisco,CA,94116,37.746858,-122.463344,4,3620,4250000,0.910022588,1.67729591,0.372276052
899 54th St,Oakland,CA,94608,37.838216,-122.27349,2,922,699000,0.724415652,1.692692797,0.215508583
228 Columbia Ave,Kensington,CA,94708,37.908137,-122.274813,3,1448,1099000,0.941557893,1.717250031,0.215508583
2550 Dana St # 3AB,Berkeley,CA,94704,37.863204,-122.260713,3,1852,850000,0.627265079,1.721529707,0.249343461
844 Spruce St,Berkeley,CA,94707,37.893941,-122.268795,5,3707,1695000,0.863728367,1.728270878,0.053031608
240 Caldecott Ln UNIT 109,Oakland,CA,94618,37.857877,-122.220771,1,728,449000,0.945541149,1.730908757,0.20044427
8293 Skyline Cir,Oakland,CA,94605,37.773771,-122.132533,4,2350,1149000,0.953602799,1.730908757,0.241497963
535 Grandview Ct,Richmond,CA,94801,37.927201,-122.392762,3,3274,1475000,0.953602799,1.731469499,0.256978163
2233 7th Ave,Oakland,CA,94606,37.800229,-122.244364,1,512,2200000,0.954410264,1.256422937,0.153167782
189 Martin St,Daly City,CA,94014,37.701382,-122.41632,4,2853,1633995,0.954272949,1.738974679,0.182652655
2346 Clement St APT 1,San Francisco,CA,94121,37.782279,-122.484618,2,1265,1199000,1.0064735,1.741110856,0.239204217
339 El Dorado Dr,Daly City,CA,94015,37.679701,-122.477835,5,1995,1090000,0.721077273,1.744961642,0.158073854
704 San Felipe Ave,San Bruno,CA,94066,37.61745,-122.409663,2,930,849000,0.856498652,1.761148063,0.267337722
1446A 5th St,Berkeley,CA,94710,37.875587,-122.301655,3,1582,1295000,0.945561401,1.762641297,0.269075124
17th Ave,San Francisco,CA,94121,37.7739,-122.47559,6,2950,1760000,1.012580885,1.278935074,0.101396755
1344 Mcgee Ave,Berkeley,CA,94703,37.880429,-122.280381,2,1270,1325000,0.451289258,1.768022163,0.202029571
95 Red Rock Way APT 102M,San Francisco,CA,94131,37.746323,-122.441517,1,830,639000,0.977152455,0.700369188,0.293354099
1010 Hanover St,Daly City,CA,94014,37.70485,-122.455678,2,870,699000,0.73460689,1.26189007,0.247684261
1 Baldwin Ave APT 219,San Mateo,CA,94401,37.566106,-122.327954,1,1000,528888,0.260412052,1.714973295,0.305793587
848 55th St,Oakland,CA,94608,37.839783,-122.271586,0,3600,998800,0.781825023,1.725546217,0.21675466
99 Tappan Ln,Orinda,CA,94563,37.911529,-122.19718,5,5211,4700000,0.923044842,1.727185069,0.338174594
42 Seagull Dr,Richmond,CA,94804,37.910255,-122.341066,3,1699,868000,1.009177989,1.771852739,0.233605278
411 Western Dr,Richmond,CA,94801,37.925555,-122.391106,2,2024,1595000,1.014761559,1.774913432,0.341924288
427 Mendocino St,Brisbane,CA,94005,37.682433,-122.404247,4,2245,1425000,1.015287715,1.780509103,0.23706811
5523 Fleming Ave,Oakland,CA,94605,37.774753,-122.191879,3,1258,749000,1.029603253,1.782888557,0.244396911
6374 Heather Ridge Way,Oakland,CA,94611,37.843168,-122.206022,3,1896,849000,1.031350813,1.804690394,0.345954217
1134 87th Ave,Oakland,CA,94621,37.749617,-122.180126,1,690,325000,0.967244461,1.809649404,0.250087129
800 Innes Ave APT 8,San Francisco,CA,94124,37.731247,-122.373904,2,1594,850000,1.037703679,1.809949099,0.357179804
1080 Sutter St,San Francisco,CA,94109,37.788237,-122.418057,3,2185,2595000,0.609621119,0.321030625,0.357179804
15 Pacific Ave,San Bruno,CA,94066,37.638749,-122.415602,3,900,545846,0.076484422,1.109349143,0.357543921
"280 Spear Street #36B Plan, MIRA",San Francisco,CA,94105,37.791282,-122.39306,3,2198,4750000,0.245731873,0.784433544,0.369430584
2038 80th Ave,Oakland,CA,94621,37.760886,-122.172301,2,1370,450050,0.471275034,1.461960518,0.19590436
45 Hyde Ct APT 5,Daly City,CA,94015,37.652992,-122.452797,2,1265,788888,0.644475926,1.661466647,0.371103879
60 Oak Ave # 9,South San Francisco,CA,94080,37.657843,-122.433666,2,903,708888,0.663943445,1.813051099,0.219900113
1171 Sterling Ave,Berkeley,CA,94708,37.8898,-122.254917,7,3818,1195000,0.716789115,1.83118873,0.060471158
2100 108th Ave,Oakland,CA,94603,37.739603,-122.157683,4,1711,749500,0.916496044,1.848531271,0.31496085
1290 33rd Ave,San Francisco,CA,94122,37.763125,-122.491865,4,2134,2499000,0.91751849,1.860530166,0.316387256
10633 Pearmain St,Oakland,CA,94603,37.733505,-122.175756,3,1048,450000,0.941557893,1.875648439,0.168687056
426 27th St APT 202B,Oakland,CA,94612,37.816289,-122.266054,2,1265,724950,0.531951481,0.368252692,0.202556226
2457-2459 Lombard St,San Francisco,CA,94123,37.798806,-122.441842,5,3600,2700000,0.885323215,1.172211063,0.345726293
4052 Huntington St,Oakland,CA,94619,37.790844,-122.186133,3,1044,725000,1.015287715,1.887807946,0.251236969
574 Natoma St APT 402,San Francisco,CA,94103,37.779014,-122.409446,0,370,540000,0.236559729,0.550693929,0.362806954
77 Grand View Ave APT 702,San Francisco,CA,94114,37.756913,-122.440053,2,1080,1199000,0.385928911,0.606761903,0.363618192
587 Burnett Ave,San Francisco,CA,94131,37.751859,-122.444035,0,11538,5500000,0.814612528,0.719080033,0.231818353
579 Burnett Ave,San Francisco,CA,94131,37.751991,-122.444052,0,4994,2500000,0.841915882,0.719969836,0.22497031
1080 Sutter St APT 1101,San Francisco,CA,94109,37.788237,-122.418057,3,2185,2595000,0.609621119,0.321030625,0.363618192
1810 Jackson St # 2,San Francisco,CA,94109,37.793817,-122.42504,3,3271,3750000,0.644475926,0.270147809,0.207337438
555 Laurel Ave APT 317,San Mateo,CA,94401,37.563399,-122.321089,2,1786,1498000,0.338388848,1.060416452,0.17228331
530 Chestnut St APT 210,San Francisco,CA,94133,37.804361,-122.412447,2,985,1150000,0.91751849,1.061004042,0.278246112
15 Oceanside Dr,Daly City,CA,94015,37.674627,-122.490664,3,1120,899000,0.946553181,1.083708195,0.366008811
1594 Pacific Ave,Alameda,CA,94501,37.774346,-122.256828,2,795,780000,1.040762846,1.109349143,0.225921695
610 Hillcrest Blvd,Millbrae,CA,94030,37.597267,-122.397026,4,2433,2180000,0.594513584,1.123660986,0.24293998
3840 Martin Luther King Jr Way,Oakland,CA,94609,37.827921,-122.268579,4,1676,899999,0.115457134,1.126926824,0.18051444
1635 13th St,Oakland,CA,94607,37.810912,-122.295484,5,1859,835000,0.430842198,1.152865237,0.18548785
4830 Wall Ave,Richmond,CA,94804,37.927654,-122.323799,4,1770,514429,0.416356589,1.215785811,0.239385974
505 S 16th St,Richmond,CA,94804,37.924971,-122.354262,2,1110,406520,0.597489481,1.311541059,0.245201526
2925 Shannon Dr,South San Francisco,CA,94080,37.637846,-122.447015,5,2800,1485000,0.8153312,1.320380666,0.280956632
223 Cuardo Ave,Millbrae,CA,94030,37.603217,-122.387272,3,1170,1249950,0.207273169,1.461960518,0.104755481
7019 Gladys Ave,El Cerrito,CA,94530,37.92181,-122.307951,2,780,599000,0.211068529,1.461983308,0.304052244
73 Summit Way,San Francisco,CA,94132,37.714943,-122.474885,3,2024,1518000,0.538139057,1.347581891,0.31405532
3 Magee Ave,Mill Valley,CA,94941,37.915158,-122.553114,4,2736,2950000,0.69749974,1.46847739,0.322487832
540 Loma Vista Ter,Pacifica,CA,94044,37.635199,-122.48394,3,2100,1250000,0.930583626,1.631016945,0.296799639
6730 Potrero Ave,El Cerrito,CA,94530,37.922005,-122.310991,2,845,699000,0.386773765,1.741189259,0.163505231
130 Blackburn Ter,Pacifica,CA,94044,37.596833,-122.511876,3,1700,1995000,1.04217452,1.764955085,0.296799639
"280 Spear Street #4J Plan, MIRA",San Francisco,CA,94105,37.791282,-122.39306,3,1208,1695000,0.245731873,0.784433544,0.328192613
1688 Pine St UNIT E911,San Francisco,CA,94109,37.789553,-122.423278,2,1139,1749888,0.471275034,0.040447029,0.276562721
828 N El Camino Real UNIT 6,San Mateo,CA,94401,37.574107,-122.341344,1,776,598000,0.451508505,1.40655664,0.328753661
2531 Maywood Dr,San Bruno,CA,94066,37.63322,-122.446954,6,1900,1188888,0.865827905,1.481353332,0.195029535
892 894 Guerrero St,San Francisco,CA,94110,37.756948,-122.423654,4,3070,2395000,0.431270521,0.52443328,0.256234842
300 304 Taraval St,San Francisco,CA,94116,37.743469,-122.469414,2,2113,1399000,0.622985713,0.811400444,0.330392041
194 Miramonte Dr,Moraga,CA,94556,37.839526,-122.144955,4,1514,799000,0.907405309,1.229955288,0.330580869
1024 83rd Ave,Oakland,CA,94621,37.751784,-122.184129,2,856,388000,0.717752979,1.661466647,0.125986313
2106 Jackson St APT 3,San Francisco,CA,94115,37.793315,-122.430044,4,2863,3695000,0.941557893,0.423874053,0.177437386
3437 Solomon Ln,Alameda,CA,94502,37.73055,-122.238419,2,1247,685000,1.015287715,1.699281481,0.353173741
47 Seville Way,South San Francisco,CA,94080,37.634689,-122.444156,5,2730,1388800,1.045155345,1.733892708,0.346914089
