address,city,state,zipCode,lat,lon,rooms,squareFeet,price
"590 Eldorado Avenue Condominiums","Oakland","CA",94611,37.821632,-122.252488,1,803,479000
"626 Mariners Island Blvd APT 209","San Mateo","CA",94404,37.564759,-122.284868,0,519,499000
"1419 Derby St","Berkeley","CA",94702,37.858752,-122.281625,3,1400,1198000
"97 Amber Dr","San Francisco","CA",94131,37.745618,-122.445018,3,1420,1295000
"2282 Park Blvd","Oakland","CA",94606,37.801404,-122.245254,1,1300,2495000
"3626 Lyon Ave","Oakland","CA",94601,37.785553,-122.209896,2,832,598888
"1779 10th Ave","San Francisco","CA",94122,37.755075,-122.467088,2,1293,1288000
"304 Malcolm Ave","Belmont","CA",94002,37.526735,-122.288387,3,1600,1598000
"1634 Leimert Blvd","Oakland","CA",94602,37.811784,-122.210025,3,1916,1299000
"2032 Encinal Ave","Alameda","CA",94501,37.76591,-122.25274,4,1720,880000
"1623 Tyler St","Berkeley","CA",94703,37.853106,-122.275355,4,1390,799000
"65 67 Rivoli St","San Francisco","CA",94117,37.76244,-122.449073,0,2170,1895000
"944 Shoreline Dr","San Mateo","CA",94404,37.558334,-122.288916,3,1625,1365000
"3015 23rd Ave","San Francisco","CA",94132,37.732262,-122.47948,4,2494,1688000
"2750 40th Ave","San Francisco","CA",94116,37.735512,-122.497403,3,1283,995000
"2920 Buchanan St APT 7","San Francisco","CA",94123,37.797112,-122.431787,1,950,1049000
"672 34th St","Oakland","CA",94609,37.823774,-122.270591,0,3113,950000
"6020 Skyline Blvd","Oakland","CA",94611,37.852614,-122.211873,5,3160,1200000
"2541 California St APT 4","San Francisco","CA",94115,37.788297,-122.436186,3,1350,1380000
"3590 20th St APT 505","San Francisco","CA",94110,37.75866,-122.42018,3,1839,2395000
"17335 Via Chiquita","San Lorenzo","CA",94580,37.667273,-122.133127,3,1031,585000
"58 N El Camino Real APT 208","San Mateo","CA",94401,37.566655,-122.328692,2,1150,978000
"352 Sweet Rd","Alameda","CA",94502,37.741017,-122.257988,4,2202,1395000
"1611 15th St","Oakland","CA",94607,37.812067,-122.294073,3,1467,610000
"1651 47th Ave","Oakland","CA",94601,37.772306,-122.209739,0,2639,560000
"1006 Everett St","El Cerrito","CA",94530,37.913989,-122.303232,3,1008,675000
"1373 75 Page St","San Francisco","CA",94117,37.771205,-122.443335,0,4275,2095000
"518 Silver Ave","San Francisco","CA",94112,37.728428,-122.426069,3,1500,1095000
"58 Vernon St # 402","Oakland","CA",94610,37.812345,-122.259815,3,1844,1385000
"518 E 16th Ave","San Mateo","CA",94402,37.557386,-122.308891,4,1980,1398000
"3970 Coronado Way","San Bruno","CA",94066,37.635548,-122.466067,3,1160,1118000
"380 14th St APT 403","San Francisco","CA",94103,37.76834,-122.421742,1,591,699000
"375 Mandarin Dr APT 111","Daly City","CA",94015,37.664553,-122.462079,1,717,475000
"112 Clipper St","San Francisco","CA",94114,37.749513,-122.427682,5,2962,1995000
"25 Lilac Ln","South San Francisco","CA",94080,37.660523,-122.420798,3,1460,1075000
"315 Rheem Blvd","Moraga","CA",94556,37.862637,-122.131239,4,2091,1495000
"2443 Grande Vista Ave","Oakland","CA",94601,37.790877,-122.227702,0,2898,1295900
"8009 Greenridge Dr APT 4","Oakland","CA",94605,37.772976,-122.154234,2,854,475000
"2116 Broadway","Burlingame","CA",94010,37.579594,-122.370662,3,2040,2185000
"831 833 Filbert St","San Francisco","CA",94133,37.800653,-122.413164,4,2618,1995000
"4070 23rd St","San Francisco","CA",94114,37.753178,-122.433543,4,3395,4500000
"148 Cypress Pl","Sausalito","CA",94965,37.867817,-122.502877,1,766,659000
"2821 Shasta Rd","Berkeley","CA",94708,37.887862,-122.255652,3,1945,1098000
"55 Santa Paula Ave","San Francisco","CA",94127,37.738902,-122.463121,5,2682,2495000
"3307 Pierson St","Oakland","CA",94619,37.781671,-122.191102,2,935,599000
"2109 Cipriani Blvd","Belmont","CA",94002,37.52125,-122.301171,4,2250,2280000
"3221 Macarthur Blvd","Oakland","CA",94602,37.795671,-122.203146,3,1554,998800
"360 Guerrero St APT 410","San Francisco","CA",94103,37.765462,-122.424916,1,822,819000
"608 Tern Ln","Alameda","CA",94501,37.77899,-122.278853,4,1590,839744
"395 Lowell Ave","Mill Valley","CA",94941,37.884339,-122.532627,3,1870,1295000
"202 Castilian Way","San Mateo","CA",94402,37.556526,-122.323932,4,3150,3195000
"10900 Glen Artney St","Oakland","CA",94605,37.753338,-122.123734,3,1347,799000
"5227 West St","Oakland","CA",94608,37.837588,-122.26946,8,3210,1700000
"5217 West St","Oakland","CA",94608,37.837454,-122.269531,7,2825,1425000
"8 Moraga Ct","Orinda","CA",94563,37.863681,-122.169466,5,3450,1995000
"834 Santa Fe Ave","Albany","CA",94706,37.891577,-122.28866,1,580,495000
"2311 Bourbon Ct","South San Francisco","CA",94080,37.641689,-122.45567,4,1860,1398000
"280 Spear Street #4H Plan, MIRA","San Francisco","CA",94105,37.791282,-122.39306,2,975,1105000
"1450 Crystal Dr","Hillsborough","CA",94010,37.5358,-122.357986,4,3070,3588000
"135 Stillings Ave","San Francisco","CA",94131,37.734342,-122.442888,2,1100,1095000
"1333 Shelter Creek Ln","San Bruno","CA",94066,37.61845,-122.425545,0,490,435000
"2203 Portsmouth Way","San Mateo","CA",94403,37.550079,-122.293744,4,1510,1435000
"1021 83rd Ave","Oakland","CA",94621,37.752133,-122.184586,4,1503,629888
"590 6th St APT 311","San Francisco","CA",94103,37.774732,-122.4015,2,1373,1250000
"3601 Branson Dr","San Mateo","CA",94403,37.540926,-122.285282,4,1740,1498000
"88 Guy Pl APT 401","San Francisco","CA",94105,37.786221,-122.394843,2,1449,1300000
"121 Palm Ave","Corte Madera","CA",94925,37.927495,-122.529867,2,1283,1459000
"601 Van Ness Ave APT 710","San Francisco","CA",94102,37.781386,-122.421406,1,672,539000
"198 States St","San Francisco","CA",94114,37.763968,-122.439555,7,4044,2488000
"41 43 Cuvier St","San Francisco","CA",94112,37.73429,-122.428472,4,1500,1798000
"120 King Ave","Piedmont","CA",94610,37.817188,-122.223613,5,4964,4695000
"817 N Humboldt St APT 206","San Mateo","CA",94401,37.580699,-122.331203,2,983,735000
"228 Athens St","San Francisco","CA",94112,37.724359,-122.426714,1,1125,888000
"117 Lake Dr","San Bruno","CA",94066,37.619006,-122.451252,4,2080,1437000
"1496 La Playa St","San Francisco","CA",94122,37.758579,-122.50883,2,2030,1399000
"841 Arlington Ave","Oakland","CA",94608,37.842374,-122.271727,4,2000,998000
"4200 Roderick Rd","Oakland","CA",94605,37.749882,-122.131238,4,2620,899000
"1356 Holman Rd","Oakland","CA",94610,37.807175,-122.227311,2,1135,899000
"1943 Bandoni Ave","San Lorenzo","CA",94580,37.667215,-122.14405,3,1516,798000
"1755 20th Ave","San Francisco","CA",94122,37.755013,-122.477932,2,1045,799000
"7112 Sayre Dr","Oakland","CA",94611,37.833189,-122.194767,3,2266,1099000
"575 58th St","Oakland","CA",94609,37.843355,-122.264038,3,1459,929000
"6427 Shattuck Ave","Oakland","CA",94609,37.850036,-122.266121,0,5555,2350000
"1059 Vallejo St","San Francisco","CA",94133,37.797649,-122.414674,2,2777,6500000
"1476 79th Ave","Oakland","CA",94621,37.757615,-122.180779,3,3064,1075000
"1122 Page St APT 4","San Francisco","CA",94117,37.772165,-122.439365,2,1000,1295000
"5402 Roberts Ave","Oakland","CA",94619,37.777582,-122.191324,2,1032,629000
"833 Monterey Ct","San Leandro","CA",94578,37.697354,-122.144276,4,2324,798000
"2355 Francisco St","San Francisco","CA",94123,37.80051,-122.44391,0,5325,3400000
"4633 Fairfax Ave","Oakland","CA",94601,37.779551,-122.204849,0,4620,1600000
"1045 1049 14th St","San Francisco","CA",94114,37.767001,-122.436986,3,3512,1600000
"501 Brighton Rd","Pacifica","CA",94044,37.631036,-122.484116,2,819,699000
"3814 Lincoln Ave","Oakland","CA",94602,37.802946,-122.210481,2,1652,898800
"3711 Maybelle Ave # B","Oakland","CA",94619,37.790294,-122.194176,2,1073,565000
"1740 Lake St","San Francisco","CA",94121,37.786233,-122.478507,3,2298,2850000
"2854 25th St","San Francisco","CA",94110,37.751518,-122.407394,2,677,649000
"795 Lakeshore Dr","Redwood City","CA",94065,37.537697,-122.243475,2,1892,1398000
"292 Belleview Dr","San Leandro","CA",94577,37.732464,-122.165644,2,1128,625000
"154 Westdale Ave","Daly City","CA",94015,37.706712,-122.48161,3,1700,1280000
"3846 25th St","San Francisco","CA",94114,37.750407,-122.426197,3,1854,2760000
"218 Headlands Ct","Sausalito","CA",94965,37.877469,-122.518676,2,1225,869000
"223 Byxbee St","San Francisco","CA",94132,37.718331,-122.470117,2,812,849888
"2609 Inyo Ave","Oakland","CA",94601,37.792274,-122.227086,3,739,459500
"5400 College Ave","Oakland","CA",94618,37.840392,-122.251103,0,4431,2900000
"1343 Shelter Creek Ln","San Bruno","CA",94066,37.619843,-122.428366,1,680,489000
"238 Cuardo Ave","Millbrae","CA",94030,37.603825,-122.387224,3,1896,1195000
"28 Warford Ter","Orinda","CA",94563,37.881447,-122.175835,3,2421,1475000
"3316-3320 Scott St","San Francisco","CA",94123,37.800557,-122.440956,6,3939,5500000
"1997 Ascot Dr APT C","Moraga","CA",94556,37.858963,-122.128439,2,1124,499950
"488 Spruce St","Berkeley","CA",94708,37.901841,-122.271019,5,3172,1695000
"2031 45th Ave","San Francisco","CA",94116,37.748641,-122.504357,3,1300,1095000
"1049 Shell Blvd APT 6","Foster City","CA",94404,37.549809,-122.263172,2,1042,798000
"3721 Carter Dr APT 2208","South San Francisco","CA",94080,37.644985,-122.468181,2,1040,799000
"317 Hunter Ave","Oakland","CA",94603,37.73222,-122.183626,2,774,345000
"280 Spear Street #7B Plan, MIRA","San Francisco","CA",94105,37.791282,-122.39306,2,1293,1595000
"3206 Champion St","Oakland","CA",94602,37.796986,-122.215759,2,728,569000
"280 Caldecott Ln UNIT 320","Oakland","CA",94618,37.858345,-122.221749,1,773,499000
"1240 Hawes St","San Francisco","CA",94124,37.728279,-122.382214,5,1923,988000
"34 Weepingridge Ct","San Mateo","CA",94402,37.529606,-122.332488,2,1520,1200000
"2030 Mezes Ave","Belmont","CA",94002,37.521503,-122.296923,3,1840,1998000
"2314 Legion Ave","Oakland","CA",94605,37.763747,-122.177851,2,1108,520000
"1645 Pacific Ave APT 4D","San Francisco","CA",94109,37.794657,-122.422325,2,1402,2349000
"615 Silver Ave","San Francisco","CA",94134,37.728986,-122.423517,2,862,899900
"1632 81st Ave","Oakland","CA",94621,37.757525,-122.177091,3,1376,477777
"10 Innes Ct #303 Plan, The San Francisco Shipyard   Landing","San Francisco","CA",94124,37.7273,-122.371,3,1223,975000
"5750 Kingsley Cir","Oakland","CA",94605,37.772986,-122.190841,2,619,399000
"649 Spokane Ave","Albany","CA",94706,37.895883,-122.293486,2,1171,699000
"320 Vallejo Dr APT 9","Millbrae","CA",94030,37.584339,-122.40456,2,995,750000
"1519 Encinal Ave","Alameda","CA",94501,37.769983,-122.260526,0,3862,1500000
"1006 Ocean View Ave","Daly City","CA",94014,37.702354,-122.45949,3,2213,1249000
"5701 Ayala Ave","Oakland","CA",94609,37.842781,-122.259427,0,2426,1120000
"950 Tennessee St # 110","San Francisco","CA",94107,37.759747,-122.389882,2,1160,1430000
"2056 Asilomar Dr","Oakland","CA",94611,37.829582,-122.20334,3,1888,779000
"3979 3981 24th St","San Francisco","CA",94114,37.751216,-122.431311,2,6000,3950000
"1621 Ocean View Ave","Kensington","CA",94707,37.899536,-122.285399,3,1124,899000
"5306 San Pablo Ave","Oakland","CA",94608,37.837269,-122.281938,4,3209,1799000
"734 14th Street Condominiums","San Francisco","CA",94114,37.767911,-122.429697,2,707,875000
"1525 Glenn St","Hayward","CA",94545,37.649561,-122.116153,3,1546,750000
"325 Dutton Ave","San Leandro","CA",94577,37.732311,-122.155557,4,2743,1199000
"291 Palisades Dr","Daly City","CA",94015,37.688489,-122.491865,2,1090,974950
"33 Harbor View Dr","Richmond","CA",94804,37.907921,-122.348168,3,1695,1100000
"2124 7th St","Berkeley","CA",94710,37.865958,-122.29622,2,1213,1054000
"4395 24th St","San Francisco","CA",94114,37.750778,-122.44038,3,1505,1650000
"1340 Ashby Ave","Berkeley","CA",94702,37.852759,-122.282385,2,1254,499500
"785 Taft Ave APT 8","Albany","CA",94706,37.893397,-122.303594,2,830,605000
"919 46th St","Oakland","CA",94608,37.835096,-122.273874,2,1052,649000
"785 Taft Ave APT 3","Albany","CA",94706,37.893397,-122.303594,1,620,449000
"66 Hillcrest Rd","Berkeley","CA",94705,37.851662,-122.247868,6,5784,3800000
"1049 Ordway St","Albany","CA",94706,37.884637,-122.284997,4,2041,1325000
"4918 Webster St","Oakland","CA",94609,37.835838,-122.259456,3,1760,1295000
"77 Fairmount Ave APT 302","Oakland","CA",94611,37.815889,-122.260382,2,1159,699000
"950 Tennessee St # 108","San Francisco","CA",94107,37.759747,-122.389882,1,776,923000
"950 Tennessee St # 323","San Francisco","CA",94107,37.759747,-122.389882,0,422,700000
"1230 Shafter Ave","San Francisco","CA",94124,37.727348,-122.383682,2,1012,799000
"568 9th St","Oakland","CA",94607,37.802394,-122.276128,3,1418,995000
"1641 Grand Ave","Piedmont","CA",94611,37.82589,-122.243592,4,2186,1195000
"950 Tennessee St # 317","San Francisco","CA",94107,37.759747,-122.389882,0,431,664000
"140 S Van Ness Ave UNIT 711","San Francisco","CA",94103,37.771563,-122.418801,1,795,799000
"3620 Allendale Ave","Oakland","CA",94619,37.788038,-122.207317,2,748,380000
"709 San Bruno Ave","San Francisco","CA",94107,37.760466,-122.404753,3,1700,1595000
"26 Bernice St","San Francisco","CA",94103,37.769958,-122.414186,2,891,704442
"1274A Delaware St","Berkeley","CA",94702,37.871917,-122.287463,1,600,685000
"612 Bridgeport Ln","Foster City","CA",94404,37.545298,-122.269178,2,1710,1799000
"708 Long Bridge St APT 1010","San Francisco","CA",94158,37.77171,-122.393708,2,1452,2000000
"1525 Latitudes Way","Richmond","CA",94804,37.9136,-122.3463,2,1713,748990
"1120 Addison St","Berkeley","CA",94702,37.868076,-122.29063,3,1252,599000
"2511 Outrigger Dr # 108","San Leandro","CA",94577,37.691708,-122.179284,2,1033,495000
"2361 E 22nd St","Oakland","CA",94601,37.788412,-122.229788,0,2156,749000
"4333 Cabrillo St","San Francisco","CA",94121,37.773232,-122.505291,5,1866,1398000
"255 Trinidad Dr","Tiburon","CA",94920,37.914853,-122.479209,3,2296,1695000
"01 Plan, 1433 Bush St.","San Francisco","CA",94109,37.788434,-122.420854,3,1087,1325000
"1025 Cabrillo Ave","Burlingame","CA",94010,37.580443,-122.365563,5,4680,5850000
"1641 89th Ave","Oakland","CA",94621,37.751984,-122.171948,3,1020,399000
"2526 Ritchie St","Oakland","CA",94605,37.762062,-122.171355,2,881,425000
"1201 Brickyard Way APT 201","Richmond","CA",94801,37.913431,-122.379505,3,1659,875000
"10 Innes Ct #204 Plan, The San Francisco Shipyard   Landing","San Francisco","CA",94124,37.7273,-122.371,2,1020,865000
"4209 Howe St","Oakland","CA",94611,37.828694,-122.25146,0,2445,1950000
"4057 Masterson St","Oakland","CA",94619,37.790041,-122.196609,2,842,579000
"2345 Ticonderoga Dr","San Mateo","CA",94402,37.515656,-122.334904,2,1470,1060000
"189 Sage St","Daly City","CA",94014,37.708286,-122.45187,4,3028,1695995
"2555 Longview Dr","San Leandro","CA",94577,37.721798,-122.126886,3,1932,939000
"1326 99th Ave","Oakland","CA",94603,37.742949,-122.170906,3,1114,499999
"1325 California St LOT 1327","San Francisco","CA",94109,37.790921,-122.416189,1,2300,2495000
"616 Hobart Ave","San Mateo","CA",94402,37.549526,-122.327008,3,1910,1950000
"724 Martin Blvd","San Leandro","CA",94577,37.723991,-122.178357,4,2300,650000
"333 Bush St APT 4206","San Francisco","CA",94104,37.790591,-122.403056,2,1798,2399000
"7601 Hillside St","Oakland","CA",94605,37.766407,-122.171786,3,888,398000
"277 W Broadmoor Blvd","San Leandro","CA",94577,37.73337,-122.165995,2,1092,659950
"3rd St","San Francisco","CA",94158,37.775991,-122.390481,2,1291,2050000
"2220 California St","San Francisco","CA",94115,37.789565,-122.431032,4,3350,3595000
"570 580 Bush St","San Francisco","CA",94108,37.790618,-122.406727,0,5685,6500000
"56 Bismark St","Daly City","CA",94014,37.695556,-122.462671,4,1360,1200000
"1215 1217 Broadway","San Francisco","CA",94109,37.796237,-122.417258,3,1940,2300000
"108 Spencer Ave","Sausalito","CA",94965,37.854062,-122.484971,5,4420,3995000
"1215 Broadway LOT 1217","San Francisco","CA",94109,37.796237,-122.417258,5,1940,2300000
"2735 Churchill Dr","Hillsborough","CA",94010,37.570661,-122.383166,6,5170,4990000
"4th St","San Francisco","CA",94107,37.778056,-122.39713,1,676,725000
"280 Spear Street #2H Plan, MIRA","San Francisco","CA",94105,37.791282,-122.39306,2,947,1100000
"52 Innes Ct. #301 Plan, The San Francisco Shipyard   Monarch","San Francisco","CA",94124,37.7271,-122.368,2,1080,1005000
"179 Tucker Ave","San Francisco","CA",94134,37.716177,-122.407655,2,1040,988000
"448 Fulton Rd","San Mateo","CA",94402,37.563588,-122.35241,3,2690,2880000
"86 Inverness Dr","San Francisco","CA",94132,37.73273,-122.482506,2,1537,1388000
"5017 Palmetto Ave APT 61","Pacifica","CA",94044,37.659782,-122.490483,2,1200,725000
"03 Plan, 1433 Bush St.","San Francisco","CA",94109,37.788531,-122.420976,1,600,785000
"99 Silverwood Dr","Lafayette","CA",94549,37.884942,-122.164399,3,2036,1595000
"1175 Cervantes Way","Pacifica","CA",94044,37.595513,-122.500625,3,1040,899000
"306 Avalon Dr","South San Francisco","CA",94080,37.643811,-122.435365,3,1500,1395000
"330 Mission Bay Blvd N UNIT 604","San Francisco","CA",94158,37.771662,-122.387453,2,1569,3350000
"1000 Dewing Ave UNIT 413","Lafayette","CA",94549,37.892251,-122.123611,2,1554,1395000
"112 Russ St","San Francisco","CA",94103,37.778444,-122.408113,2,811,775000
"661 Clara St","Oakland","CA",94603,37.739186,-122.186239,8,1980,850000
"1650 32nd Ave","San Francisco","CA",94122,37.756407,-122.490267,2,1525,1250000
"400 Davey Glen Rd APT 4824","Belmont","CA",94002,37.525708,-122.286668,1,725,650000
"2109 Hillside Cir","San Leandro","CA",94577,37.722776,-122.134219,3,2040,998000
"586 Verducci Dr","Daly City","CA",94015,37.650801,-122.462832,3,1280,998000
"02 Plan, 719 Larkin","San Francisco","CA",94109,37.784529,-122.418101,1,545,690000
"280 Spear Street #2M Plan, MIRA","San Francisco","CA",94105,37.791282,-122.39306,2,919,1050000
"545 Pierce St APT 3301","Albany","CA",94706,37.89599,-122.30677,2,1234,750000
"1817 California St APT 207","San Francisco","CA",94109,37.78956,-122.424535,1,537,699000
"99 Rausch St UNIT 522","San Francisco","CA",94103,37.776043,-122.409005,2,1076,1450000
"1195 Acacia St","Montara","CA",94037,37.541278,-122.506243,4,1270,985000
"215 Klamath St","Brisbane","CA",94005,37.681645,-122.400472,3,1200,995000
"10 Innes Ct #401 Plan, The San Francisco Shipyard   Landing","San Francisco","CA",94124,37.7273,-122.371,3,1256,1255000
"1102 Shevlin Dr","El Cerrito","CA",94530,37.919299,-122.293663,3,1252,895000
"1700 Waller St","San Francisco","CA",94117,37.768588,-122.451884,0,2012,1695000
"1901 9th St","Berkeley","CA",94710,37.869818,-122.294539,0,1802,1105000
"4317 21st St APT 2","San Francisco","CA",94114,37.755101,-122.439487,1,456,649900
"438 29th St","San Francisco","CA",94131,37.743753,-122.429799,4,3776,4388888
"201 Harrison St APT 505","San Francisco","CA",94105,37.787587,-122.390471,1,535,840000
"06 Plan, 1433 Bush St.","San Francisco","CA",94109,37.788434,-122.420854,3,1094,1299000
"4657 4659 19th St","San Francisco","CA",94114,37.758808,-122.441687,4,1886,1895000
"1075 Market St UNIT 413","San Francisco","CA",94103,37.780644,-122.411615,2,844,1175000
"1989 Beach Blvd","Pacifica","CA",94044,37.634148,-122.493989,3,1580,1688888
"1635 12th Ave","San Francisco","CA",94122,37.757602,-122.469412,2,975,998888
"9244 Coral Rd","Oakland","CA",94603,37.735816,-122.193135,3,1129,499000
"531 Kirkham St","San Francisco","CA",94122,37.760033,-122.466741,3,1100,899000
"1250 Jones St UNIT 1102","San Francisco","CA",94109,37.793071,-122.414049,1,1115,1850000
"600 El Camino Real # 215","Belmont","CA",94002,37.523432,-122.280098,1,769,888000
"2112 Hyde St APT 2","San Francisco","CA",94109,37.800449,-122.419072,1,888,1225000
"2112 Hyde St APT 1","San Francisco","CA",94109,37.800449,-122.419072,2,888,1250000
"6106 Admiralty Ln","Foster City","CA",94404,37.561436,-122.267212,1,748,615000
"62 Waterline Pl","Richmond","CA",94801,37.90902,-122.374659,2,2630,1544246
"76 Waterline Pl","Richmond","CA",94801,37.90902,-122.374659,2,2630,1479580
"6 Sunset Ln","Richmond","CA",94801,37.909034,-122.374003,2,2625,1397227
"19 Waterline Pl","Richmond","CA",94801,37.90902,-122.374659,2,2391,945360
"1207 51st Ave","Oakland","CA",94601,37.767501,-122.209905,2,1053,475000
"58C Plan, 181 Fremont","San Francisco","CA",94105,37.789808,-122.395356,2,1605,3715000
"101 Lombard St APT 28","San Francisco","CA",94111,37.803468,-122.404078,1,864,964000
"976 & 978 Hillside Blvd","Daly City","CA",94014,37.690574,-122.461519,0,2718,1098000
"21 14th Ave # 23","San Mateo","CA",94402,37.55535,-122.316279,4,2771,1850000
"16072 Via Walter","San Lorenzo","CA",94580,37.670425,-122.147087,4,1841,745000
"51 Innes Ct. #204 Plan, The San Francisco Shipyard   Monarch","San Francisco","CA",94124,37.7271,-122.368,2,1190,899000
"7107 Snake Rd","Oakland","CA",94611,37.837651,-122.20128,4,2254,799000
"1 La Vuelta","Orinda","CA",94563,37.894934,-122.182749,4,2829,2150000
"2101 Shoreline Dr APT 253","Alameda","CA",94501,37.757091,-122.255388,2,1090,650000
"2101 41st Ave","Oakland","CA",94601,37.778682,-122.211324,0,1469,589000
"390 Pacific Ave","Pacifica","CA",94044,37.631738,-122.486108,3,1100,889000
"2401 Read Ave","Belmont","CA",94002,37.51753,-122.298591,3,2000,1398000
"10 Innes Ct #202 Plan, The San Francisco Shipyard   Landing","San Francisco","CA",94124,37.7273,-122.371,2,939,785000
"3760 Sundale Rd","Lafayette","CA",94549,37.886736,-122.134892,4,2375,1480000
"600 El Camino Real # 202","Belmont","CA",94002,37.5244,-122.28082,1,940,998000
"640 Larchmont Dr","Daly City","CA",94015,37.688651,-122.483284,3,990,899000
"466 Vallejo St","San Francisco","CA",94133,37.799368,-122.40522,4,2766,4100000
"600 El Camino Real # 211","Belmont","CA",94002,37.523432,-122.280098,2,1354,1270000
"219 23 Clayton St","San Francisco","CA",94117,37.773158,-122.449567,6,5115,2299500
"1769 Pleasant Valley Ave","Oakland","CA",94611,37.828619,-122.245772,4,2118,1195000
"414 Webster St","San Francisco","CA",94117,37.774604,-122.429048,2,1450,1495000
"567 Oakland Ave APT 313","Oakland","CA",94611,37.820536,-122.251891,1,705,459000
"88 Townsend St APT 206","San Francisco","CA",94107,37.781167,-122.390696,1,644,849000
"1 Una Ct","Mill Valley","CA",94941,37.901299,-122.542522,3,1785,1670500
"4643 Tompkins Ave","Oakland","CA",94619,37.787549,-122.185891,2,975,699000
"2739 Kilconway Ln # C","South San Francisco","CA",94080,37.644178,-122.466767,2,1040,629000
"247 Edna St","San Francisco","CA",94112,37.728953,-122.446842,4,2900,2199000
"19 Turquoise Way","San Francisco","CA",94131,37.745664,-122.446338,4,2429,1799000
"2178 21st Ave","San Francisco","CA",94116,37.747112,-122.477886,2,1364,998000
"260 Caldecott Ln UNIT 218","Oakland","CA",94618,37.858496,-122.220969,2,1119,605000
"639 Silver Ave","San Francisco","CA",94134,37.728957,-122.423034,0,1595,1095000
"1111 Rosita Rd","Pacifica","CA",94044,37.583541,-122.492762,3,1040,899000
"1605 1617 Washington St","San Francisco","CA",94109,37.793298,-122.41984,0,9401,7395000
"2507 Broadway St","San Francisco","CA",94115,37.793563,-122.438608,5,3915,6750000
"428 Hollister Ave","Alameda","CA",94501,37.780242,-122.283387,4,2219,1295000
"51 Bridgeview Dr","San Francisco","CA",94124,37.734538,-122.394557,3,1092,1099888
"1356 Powell St","Emeryville","CA",94608,37.839757,-122.288744,2,1089,798000
"3722 Keller Ave","Oakland","CA",94605,37.769909,-122.158303,2,1000,599000
"815 Ram Ln","Foster City","CA",94404,37.54694,-122.27238,3,1618,1324000
"6624 Saroni Dr","Oakland","CA",94611,37.831835,-122.202412,4,2178,1385000
"412 Headlands Ct","Sausalito","CA",94965,37.877789,-122.51896,1,825,646000
"2286 Greendale Dr","South San Francisco","CA",94080,37.646705,-122.457517,2,858,685000
"640 Oak St","San Francisco","CA",94117,37.774369,-122.429942,3,1750,1450000
"333 Beale St APT 8I","San Francisco","CA",94105,37.788682,-122.391851,1,988,1399000
"178 Brighton Ave","San Francisco","CA",94112,37.721457,-122.454802,5,2274,1495000
"2571 22nd Ave","San Francisco","CA",94116,37.739724,-122.479011,3,1200,1395000
"644 44th Ave","San Francisco","CA",94121,37.776387,-122.504599,3,925,999000
"1555 Geary Blvd APT 5","San Francisco","CA",94115,37.784242,-122.428618,2,850,675000
"134 Arch St","San Francisco","CA",94132,37.713158,-122.466806,2,1214,995000
"851 Mandana Blvd","Oakland","CA",94610,37.811674,-122.230669,2,1493,949000
"181 Spinnaker St","Foster City","CA",94404,37.551198,-122.254986,5,2560,1985000
"439 Hemlock Ave","South San Francisco","CA",94080,37.664229,-122.411848,4,1100,799000
"166 Wembley Dr","Daly City","CA",94015,37.663464,-122.473585,4,1300,1099000
"50 Mandalay Pl","South San Francisco","CA",94080,37.66663,-122.4013,3,2500,1299000
"5236 Cypress Ave","El Cerrito","CA",94530,37.919373,-122.319821,4,1683,699000
"1301 Quarry Ct APT 411","Richmond","CA",94801,37.913392,-122.381482,1,864,550000
"279 Calle La Mesa","Moraga","CA",94556,37.870553,-122.126657,4,2341,1310000
"1904 Mezes Ave","Belmont","CA",94002,37.523727,-122.294593,2,1030,1365888
"208 Highland Ave","Piedmont","CA",94611,37.827288,-122.23312,3,1692,1395000
"35 28th Ave APT 210","San Mateo","CA",94403,37.540753,-122.304144,2,1170,799000
"823 14th St","San Francisco","CA",94114,37.767312,-122.431802,2,1281,995000
"40 Francis St","San Francisco","CA",94112,37.727195,-122.434123,4,1475,795000
"1111 Peninsula Ave","San Mateo","CA",94401,37.584119,-122.329679,3,2500,1499000
"1381 Sanchez St","San Francisco","CA",94131,37.747076,-122.428941,4,2041,2895000
"463 Lloyd Ave","San Leandro","CA",94578,37.695405,-122.135129,4,1482,629000
"250 King St UNIT 412","San Francisco","CA",94107,37.778359,-122.39306,1,888,989000
"109 Nevada St","San Francisco","CA",94110,37.741238,-122.410982,3,1406,1495000
"10 Aquavista Way","San Francisco","CA",94131,37.751463,-122.44933,2,912,1149000
"5340 Broadway Ter APT 203","Oakland","CA",94618,37.838129,-122.247584,2,953,675000
"611 Mason St APT 508","San Francisco","CA",94108,37.789268,-122.410493,2,978,799000
"470 Clementina St UNIT 304","San Francisco","CA",94103,37.77957,-122.405642,1,618,699000
"280 Funston Ave","San Francisco","CA",94118,37.783046,-122.471618,2,895,968000
"325 Congdon St","San Francisco","CA",94112,37.729,-122.42574,4,1237,899000
"2840 2840 1/2 Harrison","San Francisco","CA",94110,37.749712,-122.415402,5,2560,1995000
"222 Broadway APT 1407","Oakland","CA",94607,37.79617,-122.276178,2,1269,1095000
"40 Westwood Ct","Oakland","CA",94611,37.839201,-122.206446,3,1352,895000
"15 States St # 17","San Francisco","CA",94114,37.763221,-122.435766,0,2420,2488000
"63A Plan, 181 Fremont","San Francisco","CA",94105,37.789808,-122.395356,3,1882,5630000
"21 23 Park Hill Ave","San Francisco","CA",94117,37.767803,-122.438965,5,2375,2295000
"804 Arguello Blvd","San Francisco","CA",94118,37.77515,-122.458105,3,1575,1449000
"802 Arguello Blvd","San Francisco","CA",94118,37.77515,-122.458105,3,1450,1299000
"800 Arguello Blvd","San Francisco","CA",94118,37.77515,-122.458105,8,4230,3798000
"185 Beacon St","San Francisco","CA",94131,37.739505,-122.431768,3,2010,2495000
"285 Madison St","San Francisco","CA",94134,37.725637,-122.422159,4,1375,1195000
"833 Shrader St","San Francisco","CA",94117,37.766885,-122.451621,4,2539,2699000
"4556 Tulip Ave","Oakland","CA",94619,37.786452,-122.189144,2,1522,698000
"55 Arco Way","San Francisco","CA",94112,37.726924,-122.444142,2,1065,998000
"709 Park Way","South San Francisco","CA",94080,37.661219,-122.420173,3,2269,1198000
"251 Marvilla Cir","Pacifica","CA",94044,37.59246,-122.497142,4,2014,1100000
"86 Glashaus Loop","Emeryville","CA",94608,37.84639,-122.289847,2,1113,749500
"601 Van Ness Ave APT 851","San Francisco","CA",94102,37.781386,-122.421406,1,533,549000
"40 Bayside Ct","Richmond","CA",94804,37.912161,-122.340261,2,1007,525000
"603 29th Ave","San Mateo","CA",94403,37.535378,-122.313483,2,1140,1398000
"116 Paradise Dr","Pacifica","CA",94044,37.660102,-122.489375,3,1260,975000
"1606 14th St","Oakland","CA",94607,37.811745,-122.29411,3,1360,675000
"3044 Blossom St","Oakland","CA",94601,37.789777,-122.221307,3,2401,799000
"545 Arlington Ave","Berkeley","CA",94707,37.900358,-122.277104,3,1730,1199000
"590 Farallon Ave","Pacifica","CA",94044,37.651578,-122.483134,5,2180,1198000
"90 Glengarry Way","Hillsborough","CA",94010,37.539353,-122.355879,4,3630,3100000
"6400 Shelterwood Dr","Oakland","CA",94611,37.8305,-122.196397,3,2588,975000
"4649 Fieldbrook Rd","Oakland","CA",94619,37.795278,-122.180769,3,1752,988000
"10370 Greenview Dr","Oakland","CA",94605,37.759851,-122.135612,4,3580,1050000
"15846 Via Marlin","San Lorenzo","CA",94580,37.684804,-122.123765,4,1823,728000
"8522 G St","Oakland","CA",94621,37.749056,-122.185121,2,1064,440000
"6328 Rocky Point Ct","Oakland","CA",94605,37.777424,-122.161679,4,2468,838000
"1002 28th St","Oakland","CA",94608,37.819793,-122.279167,9,3818,1650000
"1611 Potrero Ave","Richmond","CA",94804,37.92421,-122.353591,0,3313,835000
"444 Via Coches","San Lorenzo","CA",94580,37.675057,-122.122772,3,1000,620000
"1983 San Jose Ave","San Francisco","CA",94112,37.725205,-122.44252,2,1656,998000
"696 5th Ave","San Francisco","CA",94118,37.775574,-122.462529,0,3100,1995000
"1003 Woodbury Rd # 207","Lafayette","CA",94549,37.889539,-122.133722,2,1110,995000
"1558 23rd Ave","San Francisco","CA",94122,37.758554,-122.480742,3,2286,1495000
"515 517 23rd Ave","San Francisco","CA",94121,37.777897,-122.482741,4,2360,1795000
"425 N El Camino Real UNIT 212","San Mateo","CA",94401,37.570082,-122.336414,2,1342,895000
"650 Canyon Dr","Pacifica","CA",94044,37.634948,-122.480738,2,800,798000
"2799 Sacramento St","San Francisco","CA",94115,37.789079,-122.43867,0,13800,7750000
"651 19th Ave","San Francisco","CA",94121,37.775613,-122.478291,3,1885,1495000
"4700 Edgewood Ave","Oakland","CA",94602,37.811274,-122.217049,4,1972,1049000
"9 Corte Camellia","Millbrae","CA",94030,37.593511,-122.409838,3,1730,1600000
"1782 Borden St","San Mateo","CA",94403,37.559273,-122.293089,4,1500,1350000
"311 Barbara Ln","Daly City","CA",94015,37.657111,-122.461646,3,1610,949000
"615 Missouri St","San Francisco","CA",94107,37.75855,-122.395872,3,1990,2995000
"686 Edna Way","San Mateo","CA",94402,37.55575,-122.305228,4,1540,1700000
"317 S 3rd St","Richmond","CA",94804,37.927651,-122.36725,2,930,374900
"157 Via Joaquin","Moraga","CA",94556,37.836671,-122.124256,3,2018,975000
"4544 Fulton St","San Francisco","CA",94121,37.772981,-122.480712,2,1525,1250000
"1921 107th Ave","Oakland","CA",94603,37.739991,-122.160481,3,1218,450000
"124 Mirada Dr","Daly City","CA",94015,37.683735,-122.476035,5,1710,998888
"1236 De Solo Dr","Pacifica","CA",94044,37.593502,-122.502676,3,1040,949888
"3139 West St","Oakland","CA",94608,37.821413,-122.273463,1,837,515000
"1571 Fulton St","San Francisco","CA",94117,37.776059,-122.442595,7,4154,4995000
"1748 Hemlock Ave","San Mateo","CA",94401,37.567312,-122.300809,3,1080,1098000
"172 Lakeshore Dr","San Mateo","CA",94402,37.532262,-122.347291,3,1620,1750000
"119 N Rochester St","San Mateo","CA",94401,37.579677,-122.313539,3,1430,1375000
"3294 Clay St APT 6","San Francisco","CA",94115,37.789241,-122.446887,3,2006,2195000
"311 Oak St APT 828","Oakland","CA",94607,37.794064,-122.267978,1,657,490000
"831 E 17th St","Oakland","CA",94606,37.794909,-122.248369,0,3232,1095000
"4000 Maple Ave","Oakland","CA",94602,37.800192,-122.201725,3,1576,899000
"216 Roanoke St","San Francisco","CA",94131,37.735231,-122.430272,1,695,799000
"821 Phoenix Ln","Foster City","CA",94404,37.547925,-122.272621,2,1188,1088000
"542 Belvedere St","San Francisco","CA",94117,37.76282,-122.4479,2,1300,1350000
"1446 8th Ave","San Francisco","CA",94122,37.761339,-122.464721,2,1577,1495000
"2501 66th Ave","Oakland","CA",94605,37.767645,-122.186362,3,1405,549900
"2210 Virginia St","Berkeley","CA",94709,37.876792,-122.266148,4,2664,1300000
"30 Quail Xing","Moraga","CA",94556,37.810404,-122.118722,1,1068,2450000
"1947 Virginia St","Berkeley","CA",94709,37.876433,-122.271472,5,3054,1300000
"918 Haight St","San Francisco","CA",94117,37.771433,-122.437478,4,3468,2350000
"3763 17th St","San Francisco","CA",94114,37.762577,-122.429876,0,2100,1799000
"280 Spear Street #24C Plan, MIRA","San Francisco","CA",94105,37.791282,-122.39306,2,1209,1930000
"655 Via Manzanas","San Lorenzo","CA",94580,37.675688,-122.127567,3,1134,639900
"259 Wilson St","San Francisco","CA",94112,37.709435,-122.462092,2,880,799000
"37 Tucker Ave","San Francisco","CA",94134,37.715156,-122.404323,3,1200,899000
"833 43rd St","Oakland","CA",94608,37.832532,-122.271436,2,652,729000
"3263 Encinal Ave","Alameda","CA",94501,37.755044,-122.231764,2,1277,898000
"4124 Judah St","San Francisco","CA",94122,37.760649,-122.506437,0,4156,1995000
"51 Innes Ct. #312 Plan, The San Francisco Shipyard   Monarch","San Francisco","CA",94124,37.7271,-122.368,2,1080,1015000
"1113 Derby St","Berkeley","CA",94702,37.858,-122.287785,5,2305,1150000
"446 Hill St","San Francisco","CA",94114,37.755736,-122.431124,4,2137,2699000
"1231 Campus Dr","Berkeley","CA",94708,37.887019,-122.254558,2,1135,850000
"1568 Union St APT 101","San Francisco","CA",94123,37.798654,-122.425218,2,1044,1249000
"295 Mather St","Oakland","CA",94611,37.831292,-122.253636,7,2604,1295000
"377 Mandarin Dr APT 105","Daly City","CA",94015,37.665306,-122.463691,1,817,588000
"22 Bridge Rd","Berkeley","CA",94705,37.85614,-122.238845,4,3409,2495000
"436 Barnegat Ln","Redwood City","CA",94065,37.535369,-122.246078,1,811,839000
"2408 California St","Berkeley","CA",94703,37.863886,-122.279375,2,945,695000
"1784 Alhambra Ln","Oakland","CA",94611,37.835642,-122.208627,3,2055,1095000
"462 Silver Ave","San Francisco","CA",94112,37.72837,-122.427302,2,1150,695000
"1200 California St UNIT 5A","San Francisco","CA",94109,37.791671,-122.414524,1,1450,1295000
"2519 Etna St # 3","Berkeley","CA",94704,37.865106,-122.25235,3,1471,895000
"1290 Bancroft Way","Berkeley","CA",94702,37.864927,-122.286793,2,1195,850000
"3235C Louise St","Oakland","CA",94608,37.824563,-122.285189,3,1992,1095000
"6880 Buckingham Blvd","Berkeley","CA",94705,37.857599,-122.22473,5,3550,1599000
"151 Avenida Dr","Berkeley","CA",94708,37.884261,-122.249493,3,2201,1295000
"420 Lexington Ave","El Cerrito","CA",94530,37.901948,-122.300774,2,1001,599000
"1630 35th Ave","Oakland","CA",94601,37.779434,-122.220482,0,5450,1590000
"922 Arlington Blvd","El Cerrito","CA",94530,37.919978,-122.286805,2,1387,849000
"797 Vincente Ave","Berkeley","CA",94707,37.893839,-122.284439,3,1560,1195000
"3008 E 22nd St","Oakland","CA",94601,37.785381,-122.222869,3,1139,575000
"280 Miriam St","Daly City","CA",94014,37.699702,-122.465236,2,1360,649000
"149 Santa Clara Ave","San Bruno","CA",94066,37.613919,-122.403416,5,2300,1298000
"1840 Washington St APT 702","San Francisco","CA",94109,37.793212,-122.423745,2,985,1649000
"888 61st St","Oakland","CA",94608,37.845809,-122.27479,4,1437,925000
"2301 23rd Ave","Oakland","CA",94606,37.790481,-122.230234,0,4465,1298888
"24 Humboldt Ct","Pacifica","CA",94044,37.584009,-122.467391,3,2460,1198888
"600 Baltic Cir UNIT 630","Redwood City","CA",94065,37.539198,-122.242176,2,1424,1150000
"123 Fairlawn Dr","Berkeley","CA",94708,37.886167,-122.25121,4,2084,1350000
"2600 Etna St APT 1","Berkeley","CA",94704,37.86381,-122.252825,1,745,525000
"414 40th St APT 303","Oakland","CA",94609,37.828719,-122.259987,2,1025,739000
"760 Bay Rd","Mill Valley","CA",94941,37.877138,-122.541308,4,2180,2125000
"124 Walford Dr","Moraga","CA",94556,37.818618,-122.120155,4,2110,1325000
"11040 Monan St","Oakland","CA",94605,37.750669,-122.126316,4,2720,999000
"5022 Plaza Cir","Richmond","CA",94804,37.92374,-122.321981,4,1887,568000
"357 Warren Dr","San Francisco","CA",94131,37.755787,-122.461585,2,1741,1495000
"35 Woodward Ave","Sausalito","CA",94965,37.859559,-122.492993,2,1250,1650000
"10 Innes Ct #403 Plan, The San Francisco Shipyard   Landing","San Francisco","CA",94124,37.7273,-122.371,2,1020,900000
"1524 Irving St # 1528","San Francisco","CA",94122,37.763932,-122.47438,3,2900,1700000
"1841 Vine St","Berkeley","CA",94703,37.879784,-122.274406,0,2095,869000
"370 Bella Vista Ave","Belvedere","CA",94920,37.866724,-122.461203,5,3010,3595000
"33 De Silva Island Dr","Mill Valley","CA",94941,37.887285,-122.515387,3,2034,1700000
"4059 Allendale Ave","Oakland","CA",94619,37.784323,-122.204155,14,5225,2100000
"1499 Clayton St","San Francisco","CA",94114,37.758174,-122.444635,4,1812,1495000
"1937 Capistrano Ave","Berkeley","CA",94707,37.896022,-122.277464,4,2788,1995000
"244 Cherrywood Ave","San Leandro","CA",94577,37.731151,-122.163449,3,1686,775000
"5210 Fresno Ave","Richmond","CA",94804,37.902798,-122.3138,6,2968,1355000
"1230 Clay St APT 302","San Francisco","CA",94108,37.79357,-122.413681,1,1100,1000000
"1519 La Salle Ave","San Francisco","CA",94124,37.735453,-122.387373,3,1421,1059000
"406 County View Dr","Mill Valley","CA",94941,37.872915,-122.535113,2,1625,995000
"2006 24th Ave","San Francisco","CA",94116,37.75007,-122.481335,3,977,1099000
"6900 Morken St","Oakland","CA",94621,37.762479,-122.187244,2,768,314000
"1404 Sherman St","Alameda","CA",94501,37.771323,-122.263181,3,1569,749000
"5 Torrens Ct","San Francisco","CA",94109,37.793011,-122.418768,3,1305,1395000
"439 Greenwich St APT 3B","San Francisco","CA",94133,37.802377,-122.407011,1,514,750000
"1050 37th St","Oakland","CA",94608,37.827739,-122.277734,4,1596,849000
"388 Faxon Ave # 8","San Francisco","CA",94112,37.721376,-122.459712,2,1263,959888
"1007 41st St APT 114","Emeryville","CA",94608,37.831967,-122.277256,1,668,341700
"1004 Fontana Dr","Alameda","CA",94502,37.736762,-122.246805,3,1584,749000
"6435 Blue Rock Ct","Oakland","CA",94605,37.779892,-122.165551,3,1842,740000
"52 Innes Ct. #201 Plan, The San Francisco Shipyard   Monarch","San Francisco","CA",94124,37.7271,-122.368,2,1080,975000
"2901 Nicol Ave","Oakland","CA",94602,37.793354,-122.216318,1,550,1395000
"1830 Eddy St","San Francisco","CA",94115,37.780856,-122.438571,3,1400,1800000
"625 Girard St","San Francisco","CA",94134,37.724671,-122.403187,0,750,888888
"718 10th Ave","San Mateo","CA",94402,37.562688,-122.312858,0,1959,1499000
"10 Innes Ct #304 Plan, The San Francisco Shipyard   Landing","San Francisco","CA",94124,37.7273,-122.371,2,1020,880000
"1109 Greenwich St","San Francisco","CA",94109,37.80094,-122.418132,2,1945,1649000
"815 Meade Ave","San Francisco","CA",94124,37.717084,-122.396558,2,1331,850000
"4390 17th St","San Francisco","CA",94114,37.762224,-122.442959,2,1200,1395000
"57 Plaza Dr","Mill Valley","CA",94941,37.904344,-122.518162,3,1689,1392000
"1724 Vista Del Sol","San Mateo","CA",94404,37.555593,-122.284801,2,1070,888000
"999 Green St APT 1104","San Francisco","CA",94133,37.798446,-122.415217,2,1681,2450000
"1633 62nd St","Berkeley","CA",94703,37.846825,-122.27398,5,2289,1600000
"1025 Ocean View Ave","Daly City","CA",94014,37.703094,-122.45941,4,2781,1388000
"1618 36th Ave","San Francisco","CA",94122,37.756766,-122.494592,2,1790,1249000
"250 Cumberland St","San Francisco","CA",94114,37.75906,-122.4293,5,4004,7250000
"69B Plan, 181 Fremont","San Francisco","CA",94105,37.789808,-122.395356,2,3199,14000000
"588 41st Ave","San Francisco","CA",94121,37.777636,-122.501585,2,1385,929000
"741 Harte St","Montara","CA",94037,37.539128,-122.506211,3,1800,1125000
"301 Of Bryant Street","San Francisco","CA",94107,37.78447,-122.3916,1,914,895000
"729 Grove St","San Francisco","CA",94102,37.776939,-122.428629,2,1680,1495000
"1315 Jackson St","San Francisco","CA",94109,37.794536,-122.416802,0,4845,1950000
"319 Manor Dr","Pacifica","CA",94044,37.649669,-122.484817,3,1820,900000
"05 Plan, 719 Larkin","San Francisco","CA",94109,37.784529,-122.418101,1,575,690000
"99 Rausch St UNIT 213","San Francisco","CA",94103,37.776043,-122.409005,2,1087,1246050
"401 Harrison St APT 46A","San Francisco","CA",94105,37.786062,-122.392176,2,1648,3250000
"1323 1325 35th Ave","San Francisco","CA",94122,37.762305,-122.494566,4,2000,1298000
"1008 Foster Square Ln UNIT 204","Foster City","CA",94404,37.557462,-122.26854,2,1363,1175000
"305 Barbara Ln","Daly City","CA",94015,37.657366,-122.461833,2,1180,785800
"325 China Basin St UNIT 307","San Francisco","CA",94158,37.771662,-122.387453,1,775,899000
"685 48th Ave","San Francisco","CA",94121,37.775479,-122.50933,0,4002,1795000
"1318 Larkin St","San Francisco","CA",94109,37.790166,-122.418637,3,1820,1198000
"130 Ortega St","San Francisco","CA",94122,37.753011,-122.465159,2,1312,999000
"10546 Sheldon St","Oakland","CA",94605,37.74622,-122.14691,3,1180,600000
"4213 Terrace St","Oakland","CA",94611,37.830216,-122.254148,0,1500,1180000
"1904 Filbert St","Oakland","CA",94607,37.8123,-122.281361,10,3852,1799988
"7327 Fresno St","Oakland","CA",94605,37.763892,-122.178949,3,888,330000
"2901 Macarthur Blvd APT 307","Oakland","CA",94602,37.797852,-122.20675,2,903,450000
"339 Pacific Ave","Alameda","CA",94501,37.77645,-122.28696,2,854,549000
"201 Harrison St APT 1027","San Francisco","CA",94105,37.787587,-122.390471,2,1030,1090000
"1919 Alameda De Las Pulgas APT 137","San Mateo","CA",94403,37.546489,-122.321101,2,892,698000
"998 Burnett Ave","San Francisco","CA",94131,37.747126,-122.445139,4,2084,1695000
"501 Crescent Way APT 5407","San Francisco","CA",94134,37.711928,-122.388605,2,1095,799000
"106 Harbor Seal Ct","San Mateo","CA",94404,37.556937,-122.289359,3,2100,1408888
"3190 Scott St APT 307","San Francisco","CA",94123,37.799026,-122.440628,2,1100,1195000
"1221 Grand St","Alameda","CA",94501,37.769464,-122.257967,4,3011,1637000
"775 Goettingen St","San Francisco","CA",94134,37.72243,-122.404461,3,1290,995000
"3800 Washington St","San Francisco","CA",94118,37.789135,-122.455971,9,18788,23800000
"2386 Union St","San Francisco","CA",94123,37.796945,-122.43846,1,850,1200000
"1 Elm St APT 102","San Carlos","CA",94070,37.512978,-122.268577,2,1180,948888
"2869 38th Ave","Oakland","CA",94619,37.787151,-122.20453,0,2224,1500000
"2004 Northshore Dr","Richmond","CA",94804,37.91602,-122.353091,3,1786,699000
"933 Addison St APT D","Berkeley","CA",94710,37.867373,-122.294537,1,583,399000
"1490 Thrush Ave APT 30","San Leandro","CA",94578,37.701522,-122.121275,2,749,379000
"58 Vernon St # 302","Oakland","CA",94610,37.812345,-122.259815,2,1296,1095000
"1477 1479 Guerrero St","San Francisco","CA",94110,37.747522,-122.422103,0,2920,2300000
"1868 Floribunda Ave","Hillsborough","CA",94010,37.572602,-122.360339,8,17907,45000000
"432 Cortland Ave","San Francisco","CA",94110,37.738871,-122.417001,0,6394,2500000
"137 12th Ave","San Mateo","CA",94402,37.55806,-122.315796,2,1250,1500000
"1 Hawthorne St UNIT 14G","San Francisco","CA",94105,37.785768,-122.398876,1,950,1298000
"268 Grand View Ave","San Francisco","CA",94114,37.753942,-122.441546,4,3321,3995000
"858 Templeton Ave","Daly City","CA",94014,37.702706,-122.453121,3,1510,968000
"1210 40th Ave","San Francisco","CA",94122,37.764163,-122.499475,2,1225,1100000
"2999 California St APT 42","San Francisco","CA",94115,37.787445,-122.443491,1,989,949000
"4399 Whittle Ave","Oakland","CA",94602,37.811562,-122.205031,4,1672,899000
"732 Via Aires","San Lorenzo","CA",94580,37.671493,-122.126624,3,1998,788000
"180 Caldecott Ln UNIT 105","Oakland","CA",94618,37.855688,-122.220263,1,773,499000
"1130 College Ave","Alameda","CA",94501,37.756848,-122.239213,4,2186,1295000
"1086 Alabama St","San Francisco","CA",94110,37.754608,-122.411424,3,1685,1795000
"2815 Polk St # 1","San Francisco","CA",94109,37.80275,-122.42341,1,1002,1595000
"1061 Trestle Glen Rd","Oakland","CA",94610,37.806971,-122.234672,3,1806,1349000
"2815 Polk St # 2","San Francisco","CA",94109,37.80275,-122.42341,2,1421,2695000
"540 42 Belvedere St","San Francisco","CA",94117,37.76276,-122.447666,4,2600,2695000
"1804 Saint Andrews Dr","Moraga","CA",94556,37.832223,-122.139396,3,1819,980000
"431 Christopher Dr","San Francisco","CA",94131,37.753877,-122.459615,4,1643,1495000
"1389 Crown Dr","Alameda","CA",94501,37.770997,-122.281338,2,1182,729500
"88 King St UNIT 1407","San Francisco","CA",94107,37.78063,-122.389624,3,3596,5350000
"6334 Telegraph Ave","Oakland","CA",94609,37.849261,-122.260264,3,1338,799000
"1851 Bockman Rd","San Lorenzo","CA",94580,37.671256,-122.144336,3,1078,678000
"223 Molimo Dr","San Francisco","CA",94127,37.736681,-122.449795,4,2900,2795000
"56 Conrad St","San Francisco","CA",94131,37.737572,-122.436519,3,1670,1688000
"2248 Coloma St","Oakland","CA",94602,37.801816,-122.213625,3,1614,799000
"1770 14th St","Oakland","CA",94607,37.813267,-122.29739,2,1513,799000
"113 Ashford Ave","Mill Valley","CA",94941,37.904353,-122.525548,2,1672,899000
"1433 Bush St # 401","San Francisco","CA",94109,37.788531,-122.420976,3,1087,1240000
"200 2nd St UNIT 204","Oakland","CA",94607,37.794117,-122.270692,2,767,543091
"8108 Olive Street A B C # D","Oakland","CA",94621,37.759825,-122.172298,8,3737,539828
"405 Cork Harbour Cir APT A","Redwood City","CA",94065,37.532628,-122.257717,1,764,795000
"1636 Delaware St","Berkeley","CA",94703,37.873278,-122.278391,0,1310,899000
"1435 Dutton Ave","San Leandro","CA",94577,37.734221,-122.140922,4,2100,998000
"588 Minna St # 201","San Francisco","CA",94103,37.778952,-122.410179,2,976,1171000
"588 Minna St # 203","San Francisco","CA",94103,37.778952,-122.410179,1,644,825000
"28 Loyola Ter","San Francisco","CA",94117,37.776046,-122.448747,2,1368,1499000
"56 Oviedo Ct","Pacifica","CA",94044,37.590943,-122.490848,3,1300,998000
"370 370 Monterey Blvd # 105","San Francisco","CA",94131,37.731841,-122.443393,1,610,468000
"3 View Ter","Millbrae","CA",94030,37.591834,-122.399312,3,2360,1800000
"425 1st St UNIT 4706","San Francisco","CA",94105,37.785829,-122.392275,2,1238,1998000
"6168 Contra Costa Rd","Oakland","CA",94618,37.845061,-122.231514,5,3467,2380000
"47 Pelican Ln # 47","Redwood City","CA",94065,37.531187,-122.255811,1,838,789888
"2209 Bryant St","San Francisco","CA",94110,37.75895,-122.4094,3,1410,1495000
"434 Lisbon St","San Francisco","CA",94112,37.72155,-122.43429,4,2260,1399000
"3936 26th St","San Francisco","CA",94131,37.748685,-122.42807,3,4650,1649000
"311 Bowsman Ct # 148","Oakland","CA",94601,37.772189,-122.234647,3,1993,849000
"1115 Kansas St","San Francisco","CA",94107,37.755682,-122.402357,3,1878,1495000
"3961 Casanova Dr","San Mateo","CA",94403,37.536125,-122.282974,3,1080,1290000
"1754 Leavenworth St","San Francisco","CA",94109,37.797396,-122.416758,4,3005,3249000
"2919 West St","Oakland","CA",94608,37.819619,-122.274044,3,1271,799000
"15 Pilarcitos Ct","Hillsborough","CA",94010,37.532092,-122.360098,5,3678,3490000
"1298 Treat Ave","San Francisco","CA",94110,37.749544,-122.412922,4,1250,1249000
"250 King St UNIT 626","San Francisco","CA",94107,37.778359,-122.39306,2,1442,1495000
"2013 Rockport Ave","Redwood City","CA",94065,37.547015,-122.236939,4,2710,2488000
"1290 De Solo Dr","Pacifica","CA",94044,37.592956,-122.503502,3,1040,1050000
"1714 Mckinnon Ave","San Francisco","CA",94124,37.737305,-122.391241,3,1355,829000
"9 Middle Rd","Lafayette","CA",94549,37.889861,-122.160768,3,1772,1324785
"1170 9th St APT 4","Alameda","CA",94501,37.768625,-122.270096,1,665,460000
"52 Innes Ct. #403 Plan, The San Francisco Shipyard   Monarch","San Francisco","CA",94124,37.7271,-122.368,3,1409,1275000
"4318 West St","Oakland","CA",94608,37.832938,-122.269993,3,1197,749900
"1258 York St","San Francisco","CA",94110,37.751952,-122.408258,3,2030,1925000
"53 Clarendon Ave","San Francisco","CA",94114,37.758638,-122.449963,4,3500,4995000
"2033 Melvin Rd","Oakland","CA",94602,37.812625,-122.20528,4,2050,949000
"555 Pierce St APT 241","Albany","CA",94706,37.894826,-122.307143,2,1113,578000
"1809 3rd St APT A","Alameda","CA",94501,37.777883,-122.288163,2,750,545000
"3757 39th Ave","Oakland","CA",94619,37.791338,-122.195268,9,4276,1349000
"1092 Keith Ave","Berkeley","CA",94708,37.890396,-122.262134,4,2349,1445000
"4096 17th St APT 101","San Francisco","CA",94114,37.762821,-122.437239,1,675,649000
"153 23rd Ave","San Francisco","CA",94121,37.784862,-122.483263,3,1818,1675000
"1201 Pine St UNIT 141","Oakland","CA",94607,37.812867,-122.300432,1,1219,629000
"236 Shoreline Ct","Richmond","CA",94804,37.911944,-122.343903,1,779,435000
"1817 California St APT 102","San Francisco","CA",94109,37.78956,-122.424535,2,781,849000
"3716 Crestmont Pl","Lafayette","CA",94549,37.899804,-122.132523,4,4291,3589000
"9 Ora Way","San Francisco","CA",94131,37.742365,-122.438259,3,2394,3400000
"309 Sawyer St","San Francisco","CA",94134,37.714092,-122.413751,2,800,699000
"2422 Bonar St","Berkeley","CA",94702,37.862574,-122.286332,4,1792,1449000
"522 526 Lake St","San Francisco","CA",94118,37.786899,-122.465189,9,5640,4250000
"1697 23rd Ave","San Francisco","CA",94122,37.756051,-122.481183,4,3250,1495000
"501 Lisbon St","San Francisco","CA",94112,37.720188,-122.434786,0,2675,1100000
"1731 Powell St # 204","San Francisco","CA",94133,37.800682,-122.411287,3,1934,2800000
"38 Bryant St APT 401","San Francisco","CA",94105,37.787465,-122.388972,1,666,790000
"1731 Powell St # 205","San Francisco","CA",94133,37.800682,-122.411287,2,1369,1895000
"900 Filbert St","San Francisco","CA",94133,37.800851,-122.414473,2,1625,1899000
"3046 California St","San Francisco","CA",94115,37.787834,-122.44459,4,1849,2275000
"401 Harrison St APT 40F","San Francisco","CA",94105,37.786062,-122.392176,2,1241,2300000
"333 Beale St APT 3E","San Francisco","CA",94105,37.788377,-122.392083,2,1630,2095000
"650 Delancey St APT 216","San Francisco","CA",94107,37.782774,-122.389688,2,1565,1875000
"2941 2941a 23rd Ave","San Francisco","CA",94132,37.721056,-122.506684,5,3500,2499000
"1013 San Gabriel Cir UNIT 409","Daly City","CA",94014,37.706151,-122.441144,2,1004,659888
"123 Stillings Ave","San Francisco","CA",94131,37.734337,-122.442629,2,834,1400000
"434 Central Ave","Alameda","CA",94501,37.770814,-122.28449,53,34344,19345000
"6125 Bromley Ave","Oakland","CA",94621,37.765937,-122.195532,4,1852,464221
"280 Spear Street #14E Plan, MIRA","San Francisco","CA",94105,37.791282,-122.39306,2,1347,2100000
"1800 109th Ave","Oakland","CA",94603,37.738052,-122.160631,2,1561,450000
"56 Shoreline Ct","Richmond","CA",94804,37.910984,-122.342431,2,869,430000
"5169 Golden Gate Ave","Oakland","CA",94618,37.844945,-122.2339,4,2464,1685000
"219 Castenada Dr","Millbrae","CA",94030,37.590585,-122.396539,4,2030,2250000
"10951 Cliffland Ave","Oakland","CA",94605,37.749176,-122.132543,3,1672,799000
"3746 Park Boulevard Way APT A","Oakland","CA",94610,37.805049,-122.230713,1,916,618500
"350 S 12th St","Richmond","CA",94804,37.927059,-122.357681,3,855,385000
"4 Greenwood Cove Dr APT C","Belvedere Tiburon","CA",94920,37.897972,-122.500705,2,1509,1295000
"51 Innes Ct. #212 Plan, The San Francisco Shipyard   Monarch","San Francisco","CA",94124,37.7271,-122.368,2,1080,985000
"270 Castenada Ave","San Francisco","CA",94116,37.746858,-122.463344,4,3620,4250000
"899 54th St","Oakland","CA",94608,37.838216,-122.27349,2,922,699000
"228 Columbia Ave","Kensington","CA",94708,37.908137,-122.274813,3,1448,1099000
"2550 Dana St # 3AB","Berkeley","CA",94704,37.863204,-122.260713,3,1852,850000
"844 Spruce St","Berkeley","CA",94707,37.893941,-122.268795,5,3707,1695000
"240 Caldecott Ln UNIT 109","Oakland","CA",94618,37.857877,-122.220771,1,728,449000
"8293 Skyline Cir","Oakland","CA",94605,37.773771,-122.132533,4,2350,1149000
"535 Grandview Ct","Richmond","CA",94801,37.927201,-122.392762,3,3274,1475000
"2233 7th Ave","Oakland","CA",94606,37.800229,-122.244364,1,512,2200000
"189 Martin St","Daly City","CA",94014,37.701382,-122.41632,4,2853,1633995
"2346 Clement St APT 1","San Francisco","CA",94121,37.782279,-122.484618,2,1265,1199000
"339 El Dorado Dr","Daly City","CA",94015,37.679701,-122.477835,5,1995,1090000
"704 San Felipe Ave","San Bruno","CA",94066,37.61745,-122.409663,2,930,849000
"1446A 5th St","Berkeley","CA",94710,37.875587,-122.301655,3,1582,1295000
"17th Ave","San Francisco","CA",94121,37.7739,-122.47559,6,2950,1760000
"1344 Mcgee Ave","Berkeley","CA",94703,37.880429,-122.280381,2,1270,1325000
"95 Red Rock Way APT 102M","San Francisco","CA",94131,37.746323,-122.441517,1,830,639000
"1010 Hanover St","Daly City","CA",94014,37.70485,-122.455678,2,870,699000
"1 Baldwin Ave APT 219","San Mateo","CA",94401,37.566106,-122.327954,1,1000,528888
"848 55th St","Oakland","CA",94608,37.839783,-122.271586,0,3600,998800
"99 Tappan Ln","Orinda","CA",94563,37.911529,-122.19718,5,5211,4700000
"42 Seagull Dr","Richmond","CA",94804,37.910255,-122.341066,3,1699,868000
"411 Western Dr","Richmond","CA",94801,37.925555,-122.391106,2,2024,1595000
"427 Mendocino St","Brisbane","CA",94005,37.682433,-122.404247,4,2245,1425000
"5523 Fleming Ave","Oakland","CA",94605,37.774753,-122.191879,3,1258,749000
"6374 Heather Ridge Way","Oakland","CA",94611,37.843168,-122.206022,3,1896,849000
"1134 87th Ave","Oakland","CA",94621,37.749617,-122.180126,1,690,325000
"800 Innes Ave APT 8","San Francisco","CA",94124,37.731247,-122.373904,2,1594,850000
"1080 Sutter St","San Francisco","CA",94109,37.788237,-122.418057,3,2185,2595000
"15 Pacific Ave","San Bruno","CA",94066,37.638749,-122.415602,3,900,545846
"280 Spear Street #36B Plan, MIRA","San Francisco","CA",94105,37.791282,-122.39306,3,2198,4750000
"2038 80th Ave","Oakland","CA",94621,37.760886,-122.172301,2,1370,450050
"45 Hyde Ct APT 5","Daly City","CA",94015,37.652992,-122.452797,2,1265,788888
"60 Oak Ave # 9","South San Francisco","CA",94080,37.657843,-122.433666,2,903,708888
"1171 Sterling Ave","Berkeley","CA",94708,37.8898,-122.254917,7,3818,1195000
"2100 108th Ave","Oakland","CA",94603,37.739603,-122.157683,4,1711,749500
"1290 33rd Ave","San Francisco","CA",94122,37.763125,-122.491865,4,2134,2499000
"10633 Pearmain St","Oakland","CA",94603,37.733505,-122.175756,3,1048,450000
"426 27th St APT 202B","Oakland","CA",94612,37.816289,-122.266054,2,1265,724950
"2457-2459 Lombard St","San Francisco","CA",94123,37.798806,-122.441842,5,3600,2700000
"4052 Huntington St","Oakland","CA",94619,37.790844,-122.186133,3,1044,725000
"574 Natoma St APT 402","San Francisco","CA",94103,37.779014,-122.409446,0,370,540000
"77 Grand View Ave APT 702","San Francisco","CA",94114,37.756913,-122.440053,2,1080,1199000
"587 Burnett Ave","San Francisco","CA",94131,37.751859,-122.444035,0,11538,5500000
"579 Burnett Ave","San Francisco","CA",94131,37.751991,-122.444052,0,4994,2500000
"1080 Sutter St APT 1101","San Francisco","CA",94109,37.788237,-122.418057,3,2185,2595000
"1810 Jackson St # 2","San Francisco","CA",94109,37.793817,-122.42504,3,3271,3750000
"555 Laurel Ave APT 317","San Mateo","CA",94401,37.563399,-122.321089,2,1786,1498000
"530 Chestnut St APT 210","San Francisco","CA",94133,37.804361,-122.412447,2,985,1150000
"15 Oceanside Dr","Daly City","CA",94015,37.674627,-122.490664,3,1120,899000
"1594 Pacific Ave","Alameda","CA",94501,37.774346,-122.256828,2,795,780000
"610 Hillcrest Blvd","Millbrae","CA",94030,37.597267,-122.397026,4,2433,2180000
"3840 Martin Luther King Jr Way","Oakland","CA",94609,37.827921,-122.268579,4,1676,899999
"1635 13th St","Oakland","CA",94607,37.810912,-122.295484,5,1859,835000
"4830 Wall Ave","Richmond","CA",94804,37.927654,-122.323799,4,1770,514429
"505 S 16th St","Richmond","CA",94804,37.924971,-122.354262,2,1110,406520
"2925 Shannon Dr","South San Francisco","CA",94080,37.637846,-122.447015,5,2800,1485000
"223 Cuardo Ave","Millbrae","CA",94030,37.603217,-122.387272,3,1170,1249950
"7019 Gladys Ave","El Cerrito","CA",94530,37.92181,-122.307951,2,780,599000
"73 Summit Way","San Francisco","CA",94132,37.714943,-122.474885,3,2024,1518000
"3 Magee Ave","Mill Valley","CA",94941,37.915158,-122.553114,4,2736,2950000
"540 Loma Vista Ter","Pacifica","CA",94044,37.635199,-122.48394,3,2100,1250000
"6730 Potrero Ave","El Cerrito","CA",94530,37.922005,-122.310991,2,845,699000
"130 Blackburn Ter","Pacifica","CA",94044,37.596833,-122.511876,3,1700,1995000
"280 Spear Street #4J Plan, MIRA","San Francisco","CA",94105,37.791282,-122.39306,3,1208,1695000
"1688 Pine St UNIT E911","San Francisco","CA",94109,37.789553,-122.423278,2,1139,1749888
"828 N El Camino Real UNIT 6","San Mateo","CA",94401,37.574107,-122.341344,1,776,598000
"2531 Maywood Dr","San Bruno","CA",94066,37.63322,-122.446954,6,1900,1188888
"892 894 Guerrero St","San Francisco","CA",94110,37.756948,-122.423654,4,3070,2395000
"300 304 Taraval St","San Francisco","CA",94116,37.743469,-122.469414,2,2113,1399000
"194 Miramonte Dr","Moraga","CA",94556,37.839526,-122.144955,4,1514,799000
"1024 83rd Ave","Oakland","CA",94621,37.751784,-122.184129,2,856,388000
"2106 Jackson St APT 3","San Francisco","CA",94115,37.793315,-122.430044,4,2863,3695000
"3437 Solomon Ln","Alameda","CA",94502,37.73055,-122.238419,2,1247,685000
"47 Seville Way","South San Francisco","CA",94080,37.634689,-122.444156,5,2730,1388800
